Run,Plot,Infection,G/S,Check,Time,Individual,X,Y,Z,location,horizontal
Mar-16,1,no,S,1,0,1,84,86,30,stem,3.807886553
Mar-16,1,no,S,1,0,2,101,81,0,ground,14.98332406
Mar-16,1,no,S,1,0,3,100,81,0,ground,14.0890028
Mar-16,1,no,S,1,0,4,101,87,0,ground,13.50925609
Mar-16,1,no,S,1,0,5,98,81,49,under,12.34908904
Mar-16,1,no,S,1,0,6,92,80,49,under,8.746427842
Mar-16,1,no,S,1,0,7,107,100,49,stem,23.16246964
Mar-16,1,no,S,1,0,8,109,98,49,under,23.92697223
Mar-16,1,no,S,1,0,9,87,91,29,stem,3.535533906
Mar-16,1,no,S,1,0,10,82,88,26,top,5.522680509
Mar-16,1,no,S,1,0,11,85,96,30,top,8.860022573
Mar-16,1,no,S,1,0,12,88,87,3,stem,0.7071067812
Mar-16,1,no,S,1,0,13,99,91,46,top,12.02081528
Mar-16,1,no,S,1,0,14,91,82,0,ground,6.519202405
Mar-16,1,no,S,2,1,1,88,98,54,top,10.51189802
Mar-16,1,no,S,2,1,2,91,97,53,under,10.12422837
Mar-16,1,no,S,2,1,3,90,97,52,under,9.823441352
Mar-16,1,no,S,2,1,4,90,81,52,under,6.964194139
Mar-16,1,no,S,2,1,5,84,99,28,top,12.02081528
Mar-16,1,no,S,2,1,6,85,89,32,stem,2.915475947
Mar-16,1,no,S,2,1,7,85,87,27,stem,2.549509757
Mar-16,1,no,S,2,1,8,85,86,41,stake,2.915475947
Mar-16,1,no,S,2,1,9,118,99,50,stem,32.59601203
Mar-16,1,no,S,2,1,10,117,102,48,side,32.87095983
Mar-16,1,no,S,2,1,11,96,106,24,stem,20.35927307
Mar-16,1,no,S,2,1,12,103,104,0,ground,22.63846285
Mar-16,1,no,S,2,1,13,98,68,1,top,22.14723459
Mar-16,1,no,S,2,1,14,98,70,1,top,20.40833163
Mar-16,1,no,S,2,1,15,87,88,1,stake,0.7071067812
Mar-16,1,no,S,2,1,16,101,66,23,top,25.38700455
Mar-16,1,no,S,2,1,17,98,66,26,bottom,23.92697223
Mar-16,1,no,S,3,2,1,94,94,48,under,9.192388155
Mar-16,1,no,S,3,2,2,95,91,48,under,8.276472679
Mar-16,1,no,S,3,2,3,96,91,48,top,9.192388155
Mar-16,1,no,S,3,2,4,94,94,49,top,9.192388155
Mar-16,1,no,S,3,2,5,95,93,48,top,9.300537619
Mar-16,1,no,S,3,2,6,75,89,21,stem,12.58967831
Mar-16,1,no,S,3,2,7,110,99,48,stem,25.26855754
Mar-16,1,no,S,3,2,8,111,100,46,under,26.61766331
Mar-16,1,no,S,3,2,9,87,98,29,top,10.51189802
Mar-16,1,no,S,3,2,10,94,103,0,ground,16.80773631
Mar-16,1,no,S,3,2,11,93,109,1,top,22.19234102
Mar-16,1,no,S,3,2,12,96,106,26,stake,20.35927307
Mar-16,1,no,S,3,2,13,89,90,33,stem,2.915475947
Mar-16,1,no,S,3,2,14,97,69,2,under,20.79663434
Mar-16,1,no,S,3,2,15,101,67,18,top,24.54587542
Mar-16,1,no,S,3,2,16,96,70,21,under,19.45507646
Mar-16,1,no,S,3,2,17,119,64,20,stake,39.30012723
Mar-16,1,no,S,3,2,18,110,73,27,stake,26.76751763
Mar-16,1,no,S,4,4,1,91,91,52,top,4.949747468
Mar-16,1,no,S,4,4,2,91,86,50,bottom,3.807886553
Mar-16,1,no,S,4,4,3,90,94,46,top,6.964194139
Mar-16,1,no,S,4,4,4,98,96,42,bottom,13.50925609
Mar-16,1,no,S,4,4,5,90,91,52,hamburger,4.301162634
Mar-16,1,no,S,4,4,6,89,93,51,bottom,5.700877125
Mar-16,1,no,S,4,4,7,58,85,31,top,29.60574269
Mar-16,1,no,S,4,4,8,97,108,31,under,22.59424706
Mar-16,1,no,S,4,4,9,87,62,33,under,25.50490149
Mar-16,1,no,S,4,4,10,45,112,3,top,49.05609035
Mar-16,1,no,S,4,4,11,95,67,3,top,21.82887995
Mar-16,1,no,S,4,4,12,118,64,18,stem,38.50324662
Mar-16,1,no,S,4,4,13,111,108,47,under,31.18493226
Mar-16,1,no,S,4,4,14,108,101,49,under,24.54587542
Mar-16,1,no,S,4,4,15,101,70,20,under,22.10203611
Mar-16,1,no,S,4,4,16,93,105,3,under,18.34393633
Mar-16,1,no,S,4,4,17,93,108,1,top,21.22498528
Mar-16,1,no,S,5,8,1,90,92,49,under,5.14781507
Mar-16,1,no,S,5,8,2,90,88,48,top,2.549509757
Mar-16,1,no,S,5,8,3,91,88,47,under,3.535533906
Mar-16,1,no,S,5,8,4,91,92,44,top,5.700877125
Mar-16,1,no,S,5,8,5,93,93,44,top,7.778174593
Mar-16,1,no,S,5,8,6,112,91,48,top,24.74873734
Mar-16,1,no,S,5,8,7,113,103,48,under,29.84124662
Mar-16,1,no,S,5,8,8,93,110,1,under,23.16246964
Mar-16,1,no,S,5,8,9,93,108,4,under,21.22498528
Mar-16,1,no,S,5,8,10,44,111,3,under,49.44188508
Mar-16,1,no,S,5,8,11,105,60,28,under,32.59601203
Mar-16,1,no,S,5,8,12,88,55,35,top,32.50384593
Mar-16,1,no,S,5,8,13,97,94,25,top,11.51086443
Mar-16,1,no,S,5,8,14,101,109,31,stem,25.38700455
Mar-16,1,no,S,5,8,15,99,110,32,stem,25.26855754
Mar-16,1,no,S,5,8,16,68,88,39,stake,19.5064092
Mar-16,1,no,S,6,16,1,89,86,46,under,2.121320344
Mar-16,1,no,S,6,16,2,85,82,43,under,6.041522987
Mar-16,1,no,S,6,16,3,84,83,42,under,5.700877125
Mar-16,1,no,S,6,16,4,89,85,46,under,2.915475947
Mar-16,1,no,S,6,16,5,91,83,46,under,5.700877125
Mar-16,1,no,S,6,16,6,91,65,5,under,22.77059507
Mar-16,1,no,S,6,16,7,117,103,46,under,33.32416541
Mar-16,1,no,S,6,16,8,108,64,22,under,31.18493226
Mar-16,1,no,S,6,16,9,69,53,32,under,39.14715826
Mar-16,1,no,S,6,16,10,105,92,38,under,18.069311
Mar-16,1,no,S,6,16,11,92,108,27,top,20.98809186
Mar-16,1,no,S,6,16,12,100,109,22,edge,24.86966023
Mar-16,1,no,S,6,16,13,92,108,4,top,20.98809186
Mar-16,1,no,S,6,16,14,91,109,1,stem,21.78302091
Mar-16,1,no,S,6,16,15,89,61,35,stake,26.54241888
Mar-16,1,no,S,7,24,1,87,82,43,under,5.522680509
Mar-16,1,no,S,7,24,2,87,82,42,under,5.522680509
Mar-16,1,no,S,7,24,3,90,67,4,top,20.65187643
Mar-16,1,no,S,7,24,4,96,91,37,edge,9.192388155
Mar-16,1,no,S,7,24,5,94,102,33,stake,15.89024858
Mar-16,1,no,S,7,24,6,94,101,38,stake,14.98332406
Mar-16,1,no,S,7,24,7,93,102,24,under,15.50806242
Mar-16,1,no,S,7,24,8,93,64,25,under,24.13503677
Mar-16,1,no,S,7,24,9,94,65,26,under,23.42007686
Mar-16,1,no,S,7,24,10,70,63,25,under,30.10813843
Mar-16,1,no,S,7,24,11,172,68,8,top,86.72081642
Mar-16,1,no,S,7,24,12,49,59,28,under,47.90093945
Mar-16,1,no,S,7,24,13,101,93,32,under,14.57737974
Mar-16,1,no,S,7,24,14,45,113,5,under,49.56309111
Mar-16,1,no,S,8,48,1,98,89,36,top,10.60660172
Mar-16,1,no,S,8,48,2,45,80,29,stem,43.15669125
Mar-16,1,no,S,8,48,3,163,69,4,bottom,77.73351915
Mar-16,1,no,S,8,48,4,53,118,42,bottom,46.04888707
Mar-16,1,no,S,8,48,5,122,97,42,stem,35.78407467
Mar-16,1,no,S,8,48,6,96,108,6,top,22.19234102
Mar-16,1,no,S,8,48,7,96,106,6,top,20.35927307
Mar-16,1,no,S,8,48,8,92,84,51,stem,5.700877125
Mar-16,1,no,S,8,48,9,81,84,46,top,7.38241153
Mar-16,1,no,S,8,48,10,39,58,32,bottom,56.76706792
Mar-16,1,no,S,8,48,11,89,87,39,bottom,1.58113883
Mar-16,1,no,S,8,48,12,83,92,26,bottom,6.363961031
Mar-16,1,no,S,8,48,13,92,131,22,bottom,43.73213921
Mar-16,1,no,S,8,48,14,97,101,9,bottom,16.50757402
Mar-16,1,no,S,8,48,15,97,57,31,top,31.94526569
Mar-16,1,no,S,8,48,16,90,57,10,bottom,30.6022875
Mar-16,1,no,S,8,48,17,97,102,27,bottom,17.33493582
Mar-16,1,no,S,8,48,18,96,56,7,top,32.6266762
Mar-16,2,no,G,1,0,1,78,78,33,top,13.43502884
Mar-16,2,no,G,1,0,2,78,78,17,under,13.43502884
Mar-16,2,no,G,1,0,3,79,80,19,top,11.33578405
Mar-16,2,no,G,1,0,4,83,85,15,top,5.14781507
Mar-16,2,no,G,1,0,5,86,85,15,top,2.915475947
Mar-16,2,no,G,1,0,6,86,83,5,stem,4.74341649
Mar-16,2,no,G,1,0,7,84,85,9,stem,4.301162634
Mar-16,2,no,G,1,0,8,84,81,14,stem,7.38241153
Mar-16,2,no,G,1,0,9,82,72,32,under,16.4468842
Mar-16,2,no,G,1,0,10,89,72,30,top,15.5724115
Mar-16,2,no,G,1,0,11,93,81,43,taco,8.514693183
Mar-16,2,no,G,1,0,12,95,98,0,ground,12.9034879
Mar-16,2,no,G,1,0,13,86,84,4,under,3.807886553
Mar-16,2,no,G,1,0,14,98,102,0,ground,17.90251379
Mar-16,2,no,G,2,1,1,83,85,16,top,5.14781507
Mar-16,2,no,G,2,1,2,85,82,15,top,6.041522987
Mar-16,2,no,G,2,1,3,86,81,11,stem,6.670832032
Mar-16,2,no,G,2,1,4,78,75,16,top,15.70031847
Mar-16,2,no,G,2,1,5,86,76,23,stem,11.5974135
Mar-16,2,no,G,2,1,6,85,74,17,top,13.72953022
Mar-16,2,no,G,2,1,7,70,87,0,ground,17.5071414
Mar-16,2,no,G,2,1,8,70,104,0,ground,24.05202694
Mar-16,2,no,G,2,1,9,83,88,25,under,4.527692569
Mar-16,2,no,G,2,1,10,79,87,26,under,8.514693183
Mar-16,2,no,G,2,1,11,77,90,26,under,10.79351657
Mar-16,2,no,G,2,1,12,79,78,34,top,12.74754878
Mar-16,2,no,G,2,1,13,79,73,34,bottom,16.80773631
Mar-16,2,no,G,2,1,14,89,70,31,top,17.56416807
Mar-16,2,no,G,2,1,15,93,84,42,top,6.519202405
Mar-16,2,no,G,2,1,16,37,105,36,taco,53.44623467
Mar-16,2,no,G,2,1,17,81,120,5,stem,33.14362684
Mar-16,2,no,G,2,1,18,95,26,9,top,61.95562928
Mar-16,2,no,G,3,2,1,84,86,25,top,3.807886553
Mar-16,2,no,G,3,2,2,86,79,25,top,8.631338251
Mar-16,2,no,G,3,2,3,81,79,25,bottom,10.70046728
Mar-16,2,no,G,3,2,4,83,74,34,top,14.23024947
Mar-16,2,no,G,3,2,5,83,75,34,top,13.28533026
Mar-16,2,no,G,3,2,6,83,66,31,top,21.96588264
Mar-16,2,no,G,3,2,7,83,62,32,top,25.89401475
Mar-16,2,no,G,3,2,8,88,77,38,bottom,10.51189802
Mar-16,2,no,G,3,2,9,85,62,31,top,25.62225595
Mar-16,2,no,G,3,2,10,82,88,16,top,5.522680509
Mar-16,2,no,G,3,2,11,84,82,15,top,6.519202405
Mar-16,2,no,G,3,2,12,85,84,14,top,4.301162634
Mar-16,2,no,G,3,2,13,35,109,39,taco,56.73182528
Mar-16,2,no,G,3,2,14,86,77,13,top,10.60660172
Mar-16,2,no,G,3,2,15,83,77,12,top,11.42365966
Mar-16,2,no,G,3,2,16,92,24,9,top,63.65924913
Mar-16,2,no,G,3,2,17,48,121,52,top,51.79285665
Mar-16,2,no,G,3,2,18,71,137,31,stem,52.17758139
Mar-16,2,no,G,3,2,19,44,81,22,top,43.98295124
Mar-16,2,no,G,4,4,1,38,106,33,stem,52.84411036
Mar-16,2,no,G,4,4,2,56,117,31,top,43.15669125
Mar-16,2,no,G,4,4,3,66,146,36,top,62.32575712
Mar-16,2,no,G,4,4,4,94,30,10,top,57.86622504
Mar-16,2,no,G,4,4,5,89,82,41,top,5.700877125
Mar-16,2,no,G,4,4,6,85,74,34,bottom,13.72953022
Mar-16,2,no,G,4,4,7,86,71,35,top,16.56804153
Mar-16,2,no,G,4,4,8,78,71,32,bottom,19.03943276
Mar-16,2,no,G,4,4,9,81,64,33,top,24.38237068
Mar-16,2,no,G,4,4,10,85,87,25,top,2.549509757
Mar-16,2,no,G,4,4,11,81.5,79,25,bottom,10.40432602
Mar-16,2,no,G,4,4,12,81,86,18,top,6.670832032
Mar-16,2,no,G,4,4,13,78,84,17,top,10.12422837
Mar-16,2,no,G,4,4,14,80,79,17,top,11.33578405
Mar-16,2,no,G,4,4,15,78,81,14,top,11.51086443
Mar-16,2,no,G,4,4,16,77,78,14,top,14.15980226
Mar-16,2,no,G,4,4,17,47,80,22,top,41.18859065
Mar-16,2,no,G,5,8,1,85,79,40,hamburger,8.860022573
Mar-16,2,no,G,5,8,2,88,80,25,top,7.516648189
Mar-16,2,no,G,5,8,3,89,82,25,top,5.700877125
Mar-16,2,no,G,5,8,4,81,84,18,top,7.38241153
Mar-16,2,no,G,5,8,5,73,74,15,top,19.81161276
Mar-16,2,no,G,5,8,6,98,58,11,stem,31.31293662
Mar-16,2,no,G,5,8,7,95,25,7,under,62.94839156
Mar-16,2,no,G,5,8,8,36,109,15,stem,55.80770556
Mar-16,2,no,G,5,8,9,49,118,32,top,49.11720676
Mar-16,2,no,G,5,8,10,63,145,35,top,62.50199997
Mar-16,2,no,G,5,8,11,86,61,38,top,26.54241888
Mar-16,2,no,G,5,8,12,81,68,30,top,20.55480479
Mar-16,2,no,G,5,8,13,90,65,32,top,22.63846285
Mar-16,2,no,G,5,8,14,84,86,26,under,3.807886553
Mar-16,2,no,G,5,8,15,61,53,34,twist tie,43.50287347
Mar-16,2,no,G,6,16,1,40,105,36,top,50.62114183
Mar-16,2,no,G,6,16,2,136,133,32,edge,66.50187967
Mar-16,2,no,G,6,16,3,50,117,30,under,47.71268175
Mar-16,2,no,G,6,16,4,62,145,35,top,62.90071542
Mar-16,2,no,G,6,16,5,136,73,13,under,50.62114183
Mar-16,2,no,G,6,16,6,60,76,33,top,29.80771712
Mar-16,2,no,G,6,16,7,65,77,34,top,24.82941804
Mar-16,2,no,G,6,16,8,70,78,28,edge/top,19.91230775
Mar-16,2,no,G,6,16,9,89,84,24,under,3.807886553
Mar-16,2,no,G,6,16,10,82,77,20,top,11.85326959
Mar-16,2,no,G,6,16,11,84,84,16,top,4.949747468
Mar-16,2,no,G,6,16,12,91,67,35,under,20.79663434
Mar-16,2,no,G,6,16,13,5,0,0,on foil,120.2601347
Mar-16,2,no,G,7,24,1,132,126,26,under,58.84301148
Mar-16,2,no,G,7,24,2,34,103,39,top,55.70008977
Mar-16,2,no,G,7,24,3,135,75,12,under,49.11720676
Mar-16,2,no,G,7,24,4,85,59,32,stake,28.609439
Mar-16,2,no,G,7,24,5,132,61,0,under,51.79285665
Mar-16,2,no,G,7,24,6,85,58,30,under,29.60574269
Mar-16,2,no,G,7,24,7,89,68,17,under,19.55760722
Mar-16,2,no,G,7,24,8,79,80,22,edge,11.33578405
Mar-16,2,no,G,7,24,9,138,78,28,stake,51.3857957
Mar-16,2,no,G,7,24,10,146,35,9,under,78.60343504
Mar-16,2,no,G,7,24,11,52,74,37,top,37.98025803
Mar-16,2,no,G,7,24,12,86,83,9,stake,4.74341649
Mar-16,2,no,G,8,48,1,136,60,9,bottom,55.75392363
Mar-16,2,no,G,8,48,2,136,56,7,bottom,57.83165223
Mar-16,2,no,G,8,48,3,69,57,25,bottom,35.67211796
Mar-16,2,no,G,8,48,4,34,105,41,top,56.28943062
Mar-16,2,no,G,8,48,5,90,25,12,bottom,62.54998002
Mar-16,2,no,G,8,48,6,53,69,37,bottom,39.14715826
Mar-16,2,no,G,8,48,7,136,125,15,bottom,61.3066065
Mar-16,2,no,G,8,48,8,83,55,39,bottom,32.81005943
Mar-16,2,no,G,8,48,9,85,133,50,top,45.56862956
Mar-16,2,no,G,8,48,10,21,54,17,top,74.4613994
Mar-16,2,no,G,8,48,11,81,98,21,top,12.34908904
Mar-16,2,no,G,8,48,12,87,61,23,bottom,26.50471656
Mar-16,2,no,G,8,48,13,90,66,41,bottom,21.64486082
Mar-16,3,yes,S,1,0,1,95,112,47,top,25.62225595
Mar-16,3,yes,S,1,0,2,96,117,39,bottom,30.70016287
Mar-16,3,yes,S,1,0,3,97,100,30,top,15.70031847
Mar-16,3,yes,S,1,0,4,104,92,26,bottom,17.10263138
Mar-16,3,yes,S,1,0,5,102,93,27,top,15.50806242
Mar-16,3,yes,S,1,0,6,93,96,0,ground,10.12422837
Mar-16,3,yes,S,1,0,7,97,88,31,stem,9.513148795
Mar-16,3,yes,S,1,0,8,96,88,29,stem,8.514693183
Mar-16,3,yes,S,1,0,9,97,89,27,top,9.617692031
Mar-16,3,yes,S,1,0,10,94,88,25,stem,6.519202405
Mar-16,3,yes,S,1,0,11,96,88,25,stem,8.514693183
Mar-16,3,yes,S,1,0,12,91,86,17,stem,3.807886553
Mar-16,3,yes,S,1,0,13,89,88,16,top,1.58113883
Mar-16,3,yes,S,1,0,14,89,87,10,stem,1.58113883
Mar-16,3,yes,S,1,0,15,88,87,5,stem,0.7071067812
Mar-16,3,yes,S,1,0,16,84,85,0,under,4.301162634
Mar-16,3,yes,S,1,0,17,90,92,16,under,5.14781507
Mar-16,3,yes,S,2,1,1,85,85,0,under,3.535533906
Mar-16,3,yes,S,2,1,2,74,86,14,stem,13.58307771
Mar-16,3,yes,S,2,1,3,100,90,35,stem,12.74754878
Mar-16,3,yes,S,2,1,4,101,92,27,top,14.23024947
Mar-16,3,yes,S,2,1,5,96,91,26,top,9.192388155
Mar-16,3,yes,S,2,1,6,98,90,26,top,10.79351657
Mar-16,3,yes,S,2,1,7,98,89,26,top,10.60660172
Mar-16,3,yes,S,2,1,8,107,91,21,top,19.81161276
Mar-16,3,yes,S,2,1,9,102,100,24,top,19.14418972
Mar-16,3,yes,S,2,1,10,102,112,45,bottom,28.46928169
Mar-16,3,yes,S,2,1,11,100,115,43,top,30.20761493
Mar-16,3,yes,S,2,1,12,89,86,6,stem,2.121320344
Mar-16,3,yes,S,2,1,13,91,88,18,stem,3.535533906
Mar-16,3,yes,S,2,1,14,90,88,16,top,2.549509757
Mar-16,3,yes,S,2,1,15,89,88,16,top,1.58113883
Mar-16,3,yes,S,2,1,16,94,96,31,stem,10.70046728
Mar-16,3,yes,S,3,2,1,90,112,45,under,24.62722071
Mar-16,3,yes,S,3,2,2,90,113,46,top,25.62225595
Mar-16,3,yes,S,3,2,3,91,91,29,stake,4.949747468
Mar-16,3,yes,S,3,2,4,90,92,28,top,5.14781507
Mar-16,3,yes,S,3,2,5,91,91,27,stake,4.949747468
Mar-16,3,yes,S,3,2,6,92,92,27,stem,6.363961031
Mar-16,3,yes,S,3,2,7,99,92,28,top,12.34908904
Mar-16,3,yes,S,3,2,8,102,98,22,top,17.90251379
Mar-16,3,yes,S,3,2,9,89,96,38,top,8.631338251
Mar-16,3,yes,S,3,2,10,90,92,40,hamburger,5.14781507
Mar-16,3,yes,S,3,2,11,88,89,10,stake,1.58113883
Mar-16,3,yes,S,3,2,12,88,91,14,stem,3.535533906
Mar-16,3,yes,S,3,2,13,89,92,15,top,4.74341649
Mar-16,3,yes,S,3,2,14,87,92,15,top,4.527692569
Mar-16,3,yes,S,3,2,15,89,90,15,stem,2.915475947
Mar-16,3,yes,S,3,2,16,84,86,0,under,3.807886553
Mar-16,3,yes,S,4,4,1,98,112,43,top,26.65520587
Mar-16,3,yes,S,4,4,2,96,113,44,top,26.87936011
Mar-16,3,yes,S,4,4,3,104,94,16,top,17.73414785
Mar-16,3,yes,S,4,4,4,100,99,26,top,16.98528775
Mar-16,3,yes,S,4,4,5,100,95,26,top,14.57737974
Mar-16,3,yes,S,4,4,6,95,95,29,stem,10.60660172
Mar-16,3,yes,S,4,4,7,92,92,28,under,6.363961031
Mar-16,3,yes,S,4,4,8,97,96,30,stem,12.74754878
Mar-16,3,yes,S,4,4,9,92,96,33,stem,9.617692031
Mar-16,3,yes,S,4,4,10,93,93,35,stake,7.778174593
Mar-16,3,yes,S,4,4,11,88,85,34,top,2.549509757
Mar-16,3,yes,S,4,4,12,90,92,15,top,5.14781507
Mar-16,3,yes,S,4,4,13,87,92,15,top,4.527692569
Mar-16,3,yes,S,4,4,14,89,87,15,top,1.58113883
Mar-16,3,yes,S,4,4,15,88,85,0,stake,2.549509757
Mar-16,3,yes,S,4,4,16,77,87,15,stem,10.51189802
Mar-16,3,yes,S,4,4,17,160,73,1,under,73.93578295
Mar-16,3,yes,S,5,8,1,95,118,44,under,31.40859755
Mar-16,3,yes,S,5,8,2,92,117,43,stem,29.84124662
Mar-16,3,yes,S,5,8,3,91,117,43,top,29.70690156
Mar-16,3,yes,S,5,8,4,91,92,33,stem,5.700877125
Mar-16,3,yes,S,5,8,5,89,88,30,under,1.58113883
Mar-16,3,yes,S,5,8,6,89,91,26,under,3.807886553
Mar-16,3,yes,S,5,8,7,76,91,23,under,12.02081528
Mar-16,3,yes,S,5,8,8,77,86,19,top,10.60660172
Mar-16,3,yes,S,5,8,9,76,89,52,stem,11.5974135
Mar-16,3,yes,S,5,8,10,76,88,33,under,11.51086443
Mar-16,3,yes,S,5,8,11,161,75,3,under,74.55534857
Mar-16,3,yes,S,5,8,12,100,105,5,under,21.50581317
Mar-16,3,yes,S,5,8,13,96,114,47,top,27.8298401
Mar-16,3,yes,S,5,8,14,106,97,19,top,20.79663434
Mar-16,3,yes,S,5,8,15,89,82,17,taco,5.700877125
Mar-16,3,yes,S,5,8,16,90,82,17,taco,6.041522987
Mar-16,3,yes,S,6,16,1,98,90,53,stem,10.79351657
Mar-16,3,yes,S,6,16,2,98,104,40,stem,19.55760722
Mar-16,3,yes,S,6,16,3,98,113,36,top,27.57716447
Mar-16,3,yes,S,6,16,4,99,113,32,under,27.97320146
Mar-16,3,yes,S,6,16,5,95,112,40,stem,25.62225595
Mar-16,3,yes,S,6,16,6,90,93,30,under,6.041522987
Mar-16,3,yes,S,6,16,7,91,98,26,top,11.06797181
Mar-16,3,yes,S,6,16,8,88,93,26,top,5.522680509
Mar-16,3,yes,S,6,16,9,105,89,20,top,17.56416807
Mar-16,3,yes,S,6,16,10,105,90,19,bottom,17.67766953
Mar-16,3,yes,S,6,16,11,100,103,5,top,19.91230775
Mar-16,3,yes,S,6,16,12,104,103,8,stem,22.63846285
Mar-16,3,yes,S,6,16,13,74,130,21,top,44.59260028
Mar-16,3,yes,S,6,16,14,106,99,16,under,21.78302091
Mar-16,3,yes,S,6,16,15,161,73,1,under,74.91662032
Mar-16,3,yes,S,6,16,16,105,116,4,under,33.44398302
Mar-16,3,yes,S,6,16,17,100,98,4,under,16.32482772
Mar-16,3,yes,S,7,24,1,91,101,41,under,13.94632568
Mar-16,3,yes,S,7,24,2,89,111,40,stem,23.54782368
Mar-16,3,yes,S,7,24,3,90,111,35,under,23.6326046
Mar-16,3,yes,S,7,24,4,90,115,33,under,27.61340254
Mar-16,3,yes,S,7,24,5,89,98,36,under,10.60660172
Mar-16,3,yes,S,7,24,6,91,92,44,stake,5.700877125
Mar-16,3,yes,S,7,24,7,101,114,8,top,29.74054472
Mar-16,3,yes,S,7,24,8,101,106,7,under,22.90196498
Mar-16,3,yes,S,7,24,9,104,102,6,top,21.96588264
Mar-16,3,yes,S,7,24,10,84,133,14,stem,45.63441684
Mar-16,3,yes,S,7,24,11,76,91,54,stem,12.02081528
Mar-16,3,yes,S,7,24,12,113,119,14,under,40.52776826
Mar-16,3,yes,S,7,24,13,35,53,48,under,62.82117477
Mar-16,3,yes,S,7,24,14,131,96,23,under,44.32268042
Mar-16,3,yes,S,7,24,15,91,11,47,under,76.5800235
Mar-16,3,yes,S,8,48,1,34,45,49,bottom,68.32642241
Mar-16,3,yes,S,8,48,2,98,110,40,stem,24.82941804
Mar-16,3,yes,S,8,48,3,98,108,38,stem,23.03258561
Mar-16,3,yes,S,8,48,4,103,99,43,bottom,19.30025907
Mar-16,3,yes,S,8,48,5,83,140,43,bottom,52.69250421
Mar-16,3,yes,S,8,48,6,74,97,61,bottom,16.50757402
Mar-16,3,yes,S,8,48,7,108,128,30,bottom,45.3927307
Mar-16,3,yes,S,8,48,8,165,76,2,top,78.34858008
Mar-16,3,yes,S,8,48,9,91,7,48,bottom,80.57605103
Mar-16,3,yes,S,8,48,10,89,89,37,bottom,2.121320344
Mar-16,3,yes,S,8,48,11,107,99,1,stem,22.63846285
Mar-16,3,yes,S,8,48,12,104,98,3,top,19.55760722
Mar-16,3,yes,S,8,48,13,106,115,1,stem,33.14362684
Mar-16,3,yes,S,8,48,14,101,69,8,stem,22.90196498
Mar-16,3,yes,S,8,48,15,132,94,20,top,44.97221364
Mar-16,4,yes,G,1,0,1,72,112,44,top,28.99137803
Mar-16,4,yes,G,1,0,2,72,109,44,under,26.50471656
Mar-16,4,yes,G,1,0,3,96,91,0,ground,9.192388155
Mar-16,4,yes,G,1,0,4,75,107,50,taco,23.16246964
Mar-16,4,yes,G,1,0,5,77,106,37,stem,21.27204739
Mar-16,4,yes,G,1,0,6,82,114,30,bottom,27.06473721
Mar-16,4,yes,G,1,0,7,83,114,27,top,26.87936011
Mar-16,4,yes,G,1,0,8,86,115,25,top,27.54087871
Mar-16,4,yes,G,1,0,9,87,111,26,top,23.50531855
Mar-16,4,yes,G,1,0,10,77,94,19,top,12.34908904
Mar-16,4,yes,G,1,0,11,90,99,18,top,11.7686023
Mar-16,4,yes,G,1,0,12,87,98,17,bottom,10.51189802
Mar-16,4,yes,G,1,0,13,89,98,16,bottom,10.60660172
Mar-16,4,yes,G,1,0,14,85,101,0,ground,13.72953022
Mar-16,4,yes,G,1,0,15,94,96,0,ground,10.70046728
Mar-16,4,yes,G,1,0,16,85,115,25,top,27.61340254
Mar-16,4,yes,G,1,0,17,86,108,21,under,20.55480479
Mar-16,4,yes,G,1,0,18,84,98,19,stem,11.06797181
Mar-16,4,yes,G,1,0,19,82,104,27,stem,17.39252713
Mar-16,4,yes,G,1,0,20,77,110,30,stem,24.82941804
Mar-16,4,yes,G,2,1,1,82,117,34,top,30.00833218
Mar-16,4,yes,G,2,1,2,83,118,31,top,30.83018002
Mar-16,4,yes,G,2,1,3,84,114,29,bottom,26.73013281
Mar-16,4,yes,G,2,1,4,86,107,30,top,19.55760722
Mar-16,4,yes,G,2,1,5,105,88,48,taco,17.5071414
Mar-16,4,yes,G,2,1,6,69,109,42,bottom,28.36370921
Mar-16,4,yes,G,2,1,7,71,103,40,bottom,22.63846285
Mar-16,4,yes,G,2,1,8,74,106,33,stake,22.90196498
Mar-16,4,yes,G,2,1,9,73,103,38,stem,21.22498528
Mar-16,4,yes,G,2,1,10,106,111,4,top,29.90819286
Mar-16,4,yes,G,2,1,11,89,101,22,top,13.58307771
Mar-16,4,yes,G,2,1,12,89,103,23,top,15.5724115
Mar-16,4,yes,G,2,1,13,89,97,23,top,9.617692031
Mar-16,4,yes,G,2,1,14,88,93,21,top,5.522680509
Mar-16,4,yes,G,2,1,15,85,93,20,top,6.041522987
Mar-16,4,yes,G,2,1,16,71,114,19,stem,31.21698256
Mar-16,4,yes,G,2,1,17,106,69,0,ground,26.1629509
Mar-16,4,yes,G,3,2,1,75,101,51,taco,18.39836949
Mar-16,4,yes,G,3,2,2,69,102,40,top,23.50531855
Mar-16,4,yes,G,3,2,3,69,106,41,top,26.1629509
Mar-16,4,yes,G,3,2,4,59,107,23,top,34.5325933
Mar-16,4,yes,G,3,2,5,64,114,23,stake,35.4189215
Mar-16,4,yes,G,3,2,6,86,115,28,top,27.54087871
Mar-16,4,yes,G,3,2,7,83,115,29,top,27.86574959
Mar-16,4,yes,G,3,2,8,84,112,31,top,24.74873734
Mar-16,4,yes,G,3,2,9,87,111,27,top,23.50531855
Mar-16,4,yes,G,3,2,10,84,107,38,stem,19.81161276
Mar-16,4,yes,G,3,2,11,85,133,26,under,45.56862956
Mar-16,4,yes,G,3,2,12,88,91,20,top,3.535533906
Mar-16,4,yes,G,3,2,13,90,90,18,top,3.535533906
Mar-16,4,yes,G,3,2,14,88,87,19,top,0.7071067812
Mar-16,4,yes,G,3,2,15,69,110,13,stake,29.12902333
Mar-16,4,yes,G,3,2,16,111,106,14,under,29.90819286
Mar-16,4,yes,G,4,4,1,72,106,40,stem,24.13503677
Mar-16,4,yes,G,4,4,2,63,102,41,top,28.46928169
Mar-16,4,yes,G,4,4,3,64,101,41,bottom,27.10166047
Mar-16,4,yes,G,4,4,4,108,104,43,top,26.31539473
Mar-16,4,yes,G,4,4,5,118,64,27,top,38.50324662
Mar-16,4,yes,G,4,4,6,113,65,24,stake,34.00735215
Mar-16,4,yes,G,4,4,7,77,115,29,top,29.43637206
Mar-16,4,yes,G,4,4,8,82,115,29,top,28.04460732
Mar-16,4,yes,G,4,4,9,84,119,28,top,31.69384798
Mar-16,4,yes,G,4,4,10,84,90,16,top,4.301162634
Mar-16,4,yes,G,4,4,11,87,99,17,top,11.51086443
Mar-16,4,yes,G,4,4,12,88,92,18,top,4.527692569
Mar-16,4,yes,G,4,4,13,110,107,14,under,29.77414986
Mar-16,4,yes,G,4,4,14,68,110,16,stake,29.77414986
Mar-16,4,yes,G,4,4,15,133,24,14,bottom,78.11849973
Mar-16,4,yes,G,4,4,16,77,115,0,ground,29.43637206
Mar-16,4,yes,G,4,4,17,84,131,25,under,43.64057745
Mar-16,4,yes,G,5,8,1,102,110,41,top,26.76751763
Mar-16,4,yes,G,5,8,2,108,110,40,under,30.43846251
Mar-16,4,yes,G,5,8,3,105,117,38,top,34.30014577
Mar-16,4,yes,G,5,8,4,103,117,30,under,33.32416541
Mar-16,4,yes,G,5,8,5,103,117,29,top,33.32416541
Mar-16,4,yes,G,5,8,6,68,124,35,top,41.38236339
Mar-16,4,yes,G,5,8,7,73,115,25,top,31.08858311
Mar-16,4,yes,G,5,8,8,111,107,15,under,30.53686297
Mar-16,4,yes,G,5,8,9,78,104,22,stem,19.03943276
Mar-16,4,yes,G,5,8,10,55,111,37,stake,40.10610926
Mar-16,4,yes,G,5,8,11,50,78,34,top,38.68462227
Mar-16,4,yes,G,5,8,12,77,138,22,under,51.5800349
Mar-16,4,yes,G,5,8,13,74,114,7,top,29.74054472
Mar-16,4,yes,G,5,8,14,77,111,6,top,25.73907535
Mar-16,4,yes,G,5,8,15,72,114,4,top,30.70016287
Mar-16,4,yes,G,5,8,16,74,113,2,top,28.85307609
Mar-16,4,yes,G,5,8,17,133,23,16,under,78.93351633
Mar-16,4,yes,G,5,8,18,85,71,27,top,16.68831927
Mar-16,4,yes,G,6,16,1,63,107,40,top,31.31293662
Mar-16,4,yes,G,6,16,2,64,110,39,top,32.53459697
Mar-16,4,yes,G,6,16,3,65,110,40,top,31.81980515
Mar-16,4,yes,G,6,16,4,129,114,21,top,49.23921202
Mar-16,4,yes,G,6,16,5,70,109,36,top,27.72183255
Mar-16,4,yes,G,6,16,6,74,113,38,top,28.85307609
Mar-16,4,yes,G,6,16,7,72,122,34,top,37.8219513
Mar-16,4,yes,G,6,16,8,62,129,34,taco,48.70831551
Mar-16,4,yes,G,6,16,9,75,121,24,stake,35.75611836
Mar-16,4,yes,G,6,16,10,81,109,23,top,22.46107745
Mar-16,4,yes,G,6,16,11,72,110,10,top/hamburger,27.32215218
Mar-16,4,yes,G,6,16,12,68,112,9,under,31.31293662
Mar-16,4,yes,G,6,16,13,67,112,2,under,31.94526569
Mar-16,4,yes,G,6,16,14,68,111,1,under,30.53686297
Mar-16,4,yes,G,6,16,15,94,73,26,top,15.89024858
Mar-16,4,yes,G,6,16,16,54,73,34,stake,36.5034245
Mar-16,4,yes,G,6,16,17,23,110,14,top,68.31178522
Mar-16,4,yes,G,6,16,18,125,21,17,top,76.34461343
Mar-16,4,yes,G,7,24,1,52,81,34,top,36.09016487
Mar-16,4,yes,G,7,24,2,133,54,26,top,56.50221235
Mar-16,4,yes,G,7,24,3,67,109,48,top,29.70690156
Mar-16,4,yes,G,7,24,4,64,107,44,under,30.53686297
Mar-16,4,yes,G,7,24,5,80,111,35,top,24.66779277
Mar-16,4,yes,G,7,24,6,76,110,33,top,25.26855754
Mar-16,4,yes,G,7,24,7,71,120,28,bottom,36.44859394
Mar-16,4,yes,G,7,24,8,72,110,15,under,27.32215218
Mar-16,4,yes,G,7,24,9,124,115,24,under,45.70010941
Mar-16,4,yes,G,7,24,10,69,112,2,under,30.70016287
Mar-16,4,yes,G,7,24,11,63,91,12,edge,24.74873734
Mar-16,4,yes,G,7,24,12,43,121,23,stem,55.70008977
Mar-16,4,yes,G,7,24,13,74,66,13,top,25.38700455
Mar-16,4,yes,G,7,24,14,81,106,26,stake,19.60867155
Mar-16,4,yes,G,7,24,15,37,85,16,top,50.56184332
Mar-16,4,yes,G,7,24,16,42,130,22,stem,62.26154511
Mar-16,4,yes,G,8,48,1,69,112,46,top,30.70016287
Mar-16,4,yes,G,8,48,2,124,114,21,to,45.10543205
Mar-16,4,yes,G,8,48,3,22,140,21,stem,83.94343333
Mar-16,4,yes,G,8,48,4,63,117,25,to,38.34709898
Mar-16,4,yes,G,8,48,5,63,113,23,bottom,35.36240942
Mar-16,4,yes,G,8,48,6,126,57,31,stem,49.11720676
Mar-16,4,yes,G,8,48,7,66,111,26,stem,31.85121662
Mar-16,4,yes,G,8,48,8,96,69,31,top,20.35927307
Mar-16,4,yes,G,8,48,9,66,110,43,bottom,31.12073264
Mar-16,4,yes,G,8,48,10,72,126,33,bottom,41.50301194
Mar-16,4,yes,G,8,48,11,106,105,11,stem,25.46566316
Mar-16,4,yes,G,8,48,12,52,84,7,bottom,35.67211796
Mar-16,4,yes,G,8,48,13,60,146,23,stem,64.64131806
Apr-16,1,no,S,1,0,1,85,77,0,ground,10.79351657
Apr-16,1,no,S,1,0,2,101,102,0,ground,19.81161276
Apr-16,1,no,S,1,0,3,107,96,0,ground,21.27204739
Apr-16,1,no,S,1,0,4,96,81,0,ground,10.70046728
Apr-16,1,no,S,1,0,5,94,86,0,ground,6.670832032
Apr-16,1,no,S,1,0,6,91,87,0,ground,3.535533906
Apr-16,1,no,S,1,0,7,96,79,0,ground,12.02081528
Apr-16,1,no,S,1,0,8,97,94,0,ground,11.51086443
Apr-16,1,no,S,1,0,9,72,87,0,ground,15.50806242
Apr-16,1,no,S,1,0,10,90,86,11,stake,2.915475947
Apr-16,1,no,S,1,0,11,95,87,15,top,7.516648189
Apr-16,1,no,S,1,0,12,96,86,23,stake,8.631338251
Apr-16,1,no,S,1,0,13,99,93,24,under,12.74754878
Apr-16,1,no,S,1,0,14,93,86,29,stem,5.700877125
Apr-16,1,no,S,1,0,15,97,86,30,stake,9.617692031
Apr-16,1,no,S,1,0,16,102,85,38,top,14.71393897
Apr-16,1,no,S,2,1,1,98,109,0,ground,23.92697223
Apr-16,1,no,S,2,1,2,90,73,0,ground,14.71393897
Apr-16,1,no,S,2,1,3,78,84,0,ground,10.12422837
Apr-16,1,no,S,2,1,4,79,90,0,ground,8.860022573
Apr-16,1,no,S,2,1,5,97,85,0,ground,9.823441352
Apr-16,1,no,S,2,1,6,87,93,14,top,5.522680509
Apr-16,1,no,S,2,1,7,85,95,25,stem,7.90569415
Apr-16,1,no,S,2,1,8,84,95,26,stem,8.276472679
Apr-16,1,no,S,2,1,9,86,96,29,under,8.631338251
Apr-16,1,no,S,2,1,10,87,93,29,stem,5.522680509
Apr-16,1,no,S,2,1,11,93,101,25,under,14.57737974
Apr-16,1,no,S,2,1,12,89,100,39,top,12.58967831
Apr-16,1,no,S,2,1,13,49,115,37,stem,47.31278897
Apr-16,1,no,S,2,1,14,58,116,37,under,41.0182886
Apr-16,1,no,S,2,1,15,111,84,9,stem,23.75920874
Apr-16,1,no,S,3,2,1,80,92,0,ground,8.746427842
Apr-16,1,no,S,3,2,2,77,85,0,ground,10.79351657
Apr-16,1,no,S,3,2,3,99,88,0,ground,11.51086443
Apr-16,1,no,S,3,2,4,99,113,0,ground,27.97320146
Apr-16,1,no,S,3,2,5,86,82,0,ground,5.700877125
Apr-16,1,no,S,3,2,6,49,114,35,stem,46.73863498
Apr-16,1,no,S,3,2,7,58,108,38,top,35.92352989
Apr-16,1,no,S,3,2,8,83,98,26,stick,11.42365966
Apr-16,1,no,S,3,2,9,82,99,27,stem,12.74754878
Apr-16,1,no,S,3,2,10,89,106,28,under,18.56071119
Apr-16,1,no,S,3,2,11,82,103,30,stake,16.4468842
Apr-16,1,no,S,3,2,12,83,100,30,stem,13.28533026
Apr-16,1,no,S,3,2,13,82,100,42,under,13.65650028
Apr-16,1,no,S,3,2,14,86,95,0,ground,7.64852927
Apr-16,1,no,S,4,4,1,87,98,0,ground,10.51189802
Apr-16,1,no,S,4,4,2,76,85,0,ground,11.7686023
Apr-16,1,no,S,4,4,3,84,84,0,ground,4.949747468
Apr-16,1,no,S,4,4,4,89,87,0,ground,1.58113883
Apr-16,1,no,S,4,4,5,90,77,0,ground,10.79351657
Apr-16,1,no,S,4,4,6,99,87,0,ground,11.51086443
Apr-16,1,no,S,4,4,7,85,90,6,stake,3.535533906
Apr-16,1,no,S,4,4,8,86,94,13,stem,6.670832032
Apr-16,1,no,S,4,4,9,89,76,4,top,11.5974135
Apr-16,1,no,S,4,4,10,83,100,31,stake,13.28533026
Apr-16,1,no,S,4,4,11,81,102,38,stem,15.89024858
Apr-16,1,no,S,4,4,12,87,103,42,under,15.50806242
Apr-16,1,no,S,4,4,13,85,109,43,top,21.64486082
Apr-16,1,no,S,4,4,14,51,115,36,top,45.70010941
Apr-16,1,no,S,4,4,15,63,110,38,stake,33.26409476
Apr-16,1,no,S,4,4,16,96,136,0,ground,49.23921202
Apr-16,1,no,S,5,8,1,78,84,0,ground,10.12422837
Apr-16,1,no,S,5,8,2,89,73,1,top,14.57737974
Apr-16,1,no,S,5,8,3,88,65,6,under,22.50555487
Apr-16,1,no,S,5,8,4,85,87,7,stem,2.549509757
Apr-16,1,no,S,5,8,5,85,88,12,stem,2.549509757
Apr-16,1,no,S,5,8,6,86,98,31,stake,10.60660172
Apr-16,1,no,S,5,8,7,83,101,39,stem,14.23024947
Apr-16,1,no,S,5,8,8,87,101,41,top,13.50925609
Apr-16,1,no,S,5,8,9,85,106,40,under,18.6681547
Apr-16,1,no,S,5,8,10,108,84,8,stake,20.79663434
Apr-16,1,no,S,5,8,11,130,106,30,top,46.35191474
Apr-16,1,no,S,5,8,12,65,109,38,stake,31.12073264
Apr-16,1,no,S,5,8,13,125,81,6,stake,38.05916447
Apr-16,1,no,S,6,16,1,84,98,30,stem,11.06797181
Apr-16,1,no,S,6,16,2,79,102,38,stem,16.80773631
Apr-16,1,no,S,6,16,3,88,69,42,under,18.50675552
Apr-16,1,no,S,6,16,4,88,74,42,under,13.50925609
Apr-16,1,no,S,6,16,5,66,67,36,stake,29.70690156
Apr-16,1,no,S,6,16,6,85,88,14,stem,2.549509757
Apr-16,1,no,S,6,16,7,89,4,47,top,83.51347197
Apr-16,1,no,S,6,16,8,20,28,38,under,89.98055345
Apr-16,1,no,S,6,16,9,124,79,20,under,37.4766594
Apr-16,1,no,S,6,16,10,87,65,2,under,22.50555487
Apr-16,1,no,S,6,16,11,115,30,10,under,63.73774392
Apr-16,1,no,S,6,16,12,156,81,19,stem,68.80770306
Apr-16,1,no,S,7,24,1,135,65,42,bottom,52.5594901
Apr-16,1,no,S,7,24,2,91,101,41,bottom,13.94632568
Apr-16,1,no,S,7,24,3,91,102,34,under,14.91643389
Apr-16,1,no,S,7,24,4,91,102,31,top,14.91643389
Apr-16,1,no,S,7,24,5,81,101,44,stem,14.98332406
Apr-16,1,no,S,7,24,6,85,59,42,top,28.609439
Apr-16,1,no,S,7,24,7,56,52,21,top,47.4605099
Apr-16,1,no,S,7,24,8,56,27,31,stem,68.20923691
Apr-16,1,no,S,7,24,9,65,114,10,top,34.76348659
Apr-16,1,no,S,7,24,10,130,115,44,top,50.62114183
Apr-16,1,no,S,7,24,11,83,115,42,stem,27.86574959
Apr-16,1,no,S,7,24,12,87,64,6,under,23.50531855
Apr-16,1,no,S,8,48,1,59,127,47,bottom,48.70831551
Apr-16,1,no,S,8,48,2,73,119,10,bottom,34.67708177
Apr-16,1,no,S,8,48,3,79,54,54,top,34.56153932
Apr-16,1,no,S,8,48,4,78,104,45,bottom,19.03943276
Apr-16,1,no,S,8,48,5,74,95,46,bottom,15.44344521
Apr-16,1,no,S,8,48,6,92,73,3,hamburger,15.18222645
Apr-16,1,no,S,8,48,7,77,56,10,top,33.20391543
Apr-16,1,no,S,8,48,8,142,71,48,bottom,56.94295391
Apr-16,1,no,S,8,48,9,153,44,40,bottom,78.6288751
Apr-16,1,no,S,8,48,10,122,131,50,bottom,55.52026657
Apr-16,1,no,S,8,48,11,41,38,31,bottom,67.91538854
Apr-16,1,no,S,8,48,12,85,105,28,bottom,17.67766953
Apr-16,2,no,G,1,0,1,85,78,0,ground,9.823441352
Apr-16,2,no,G,1,0,2,90,81,0,ground,6.964194139
Apr-16,2,no,G,1,0,3,91,85,0,ground,4.301162634
Apr-16,2,no,G,1,0,4,100,87,0,ground,12.509996
Apr-16,2,no,G,1,0,5,98,88,0,ground,10.51189802
Apr-16,2,no,G,1,0,6,88,88,1,stem,0.7071067812
Apr-16,2,no,G,1,0,7,88,88,1,stem,0.7071067812
Apr-16,2,no,G,1,0,8,88,89,4,stem,1.58113883
Apr-16,2,no,G,1,0,9,88,91,11,stem,3.535533906
Apr-16,2,no,G,1,0,10,86,94,15,under,6.670832032
Apr-16,2,no,G,1,0,11,88,91,17,stem,3.535533906
Apr-16,2,no,G,1,0,12,90,94,24,stem,6.964194139
Apr-16,2,no,G,1,0,13,80,96,30,under,11.33578405
Apr-16,2,no,G,1,0,14,80,94,31,edge,9.924716621
Apr-16,2,no,G,1,0,15,88,97,38,stem,9.513148795
Apr-16,2,no,G,1,0,16,90,96,40,top,8.860022573
Apr-16,2,no,G,1,0,17,95,90,18,under,7.90569415
Apr-16,2,no,G,2,1,1,78,86,0,ground,9.617692031
Apr-16,2,no,G,2,1,2,89,87,0,ground,1.58113883
Apr-16,2,no,G,2,1,3,88,89,0,stem,1.58113883
Apr-16,2,no,G,2,1,4,90,91,0,ground,4.301162634
Apr-16,2,no,G,2,1,5,92,98,0,ground,11.42365966
Apr-16,2,no,G,2,1,6,89,89,3,stem,2.121320344
Apr-16,2,no,G,2,1,7,94,82,14,top,8.514693183
Apr-16,2,no,G,2,1,8,91,85,17,top,4.301162634
Apr-16,2,no,G,2,1,9,85,82,18,top,6.041522987
Apr-16,2,no,G,2,1,10,92,90,15,stem,5.14781507
Apr-16,2,no,G,2,1,11,99,80,31,under,13.72953022
Apr-16,2,no,G,2,1,12,91,87,31,top,3.535533906
Apr-16,2,no,G,2,1,13,96,88,28,stake,8.514693183
Apr-16,2,no,G,2,1,14,100,90,38,top,12.74754878
Apr-16,2,no,G,2,1,15,98,91,38,top,11.06797181
Apr-16,2,no,G,2,1,16,92,89,21,top,4.74341649
Apr-16,2,no,G,2,1,17,49,124,4,vertical mulch,53.05186142
Apr-16,2,no,G,3,2,1,77,86,0,ground,10.60660172
Apr-16,2,no,G,3,2,2,89,87,0,ground,1.58113883
Apr-16,2,no,G,3,2,3,87,91,4,stem,3.535533906
Apr-16,2,no,G,3,2,4,88,94,0,ground,6.519202405
Apr-16,2,no,G,3,2,5,90,101,0,ground,13.72953022
Apr-16,2,no,G,3,2,6,91,89,15,stem,3.807886553
Apr-16,2,no,G,3,2,7,94,100,20,top,14.0890028
Apr-16,2,no,G,3,2,8,89,97,18,under,9.617692031
Apr-16,2,no,G,3,2,9,85,91,17,under,4.301162634
Apr-16,2,no,G,3,2,10,90,90,18,top,3.535533906
Apr-16,2,no,G,3,2,11,82,89,19,stem,5.700877125
Apr-16,2,no,G,3,2,12,95,92,28,stake,8.746427842
Apr-16,2,no,G,3,2,13,96,92,29,stake,9.617692031
Apr-16,2,no,G,3,2,14,87,89,31,top,1.58113883
Apr-16,2,no,G,3,2,15,92,86,31,top,4.74341649
Apr-16,2,no,G,3,2,16,97,91,42,top,10.12422837
Apr-16,2,no,G,3,2,17,101,88,42,top,13.50925609
Apr-16,2,no,G,4,4,1,72,94,0,ground,16.80773631
Apr-16,2,no,G,4,4,2,84,94,0,ground,7.38241153
Apr-16,2,no,G,4,4,3,89,89,0,ground,2.121320344
Apr-16,2,no,G,4,4,4,88,93,0,ground,5.522680509
Apr-16,2,no,G,4,4,5,86,103,0,ground,15.5724115
Apr-16,2,no,G,4,4,6,93,94,26,stem,8.514693183
Apr-16,2,no,G,4,4,7,90,96,19,top,8.860022573
Apr-16,2,no,G,4,4,8,98,94,38,stake,12.34908904
Apr-16,2,no,G,4,4,9,100,94,42,top,14.0890028
Apr-16,2,no,G,4,4,10,90,91,34,top,4.301162634
Apr-16,2,no,G,4,4,11,107,87,33,stake,19.5064092
Apr-16,2,no,G,4,4,12,101,91,39,top,13.94632568
Apr-16,2,no,G,4,4,13,85,85,16,top,3.535533906
Apr-16,2,no,G,4,4,14,88,89,18,under,1.58113883
Apr-16,2,no,G,5,8,1,73,87,1,top,14.50861813
Apr-16,2,no,G,5,8,2,99,92,0,ground,12.34908904
Apr-16,2,no,G,5,8,3,90,88,8,stick,2.549509757
Apr-16,2,no,G,5,8,4,93,85,14,under,6.041522987
Apr-16,2,no,G,5,8,5,100,85,27,top,12.74754878
Apr-16,2,no,G,5,8,6,91,84,32,top,4.949747468
Apr-16,2,no,G,5,8,7,95,87,42,top,7.516648189
Apr-16,2,no,G,5,8,8,103,86,19,top,15.5724115
Apr-16,2,no,G,5,8,9,78,80,8,stick,12.10371844
Apr-16,2,no,G,5,8,10,126,49,2,under,54.44722215
Apr-16,2,no,G,5,8,11,125,102,4,under,40.20572099
Apr-16,2,no,G,5,8,12,120,48,16,top/side,51.15173506
Apr-16,2,no,G,6,16,1,121,49,21,top,51.03430219
Apr-16,2,no,G,6,16,2,91,90,8,stem,4.301162634
Apr-16,2,no,G,6,16,3,90,89,17,stick,2.915475947
Apr-16,2,no,G,6,16,4,72,83,1,under,16.14001239
Apr-16,2,no,G,6,16,5,125,47,7,stem,55.19510848
Apr-16,2,no,G,6,16,6,70,108,20,top,26.95366394
Apr-16,2,no,G,6,16,7,152,44,12,tacp,77.79781488
Apr-16,2,no,G,6,16,8,85,102,19,stick,14.71393897
Apr-16,2,no,G,6,16,9,88,86,32,top,1.58113883
Apr-16,2,no,G,6,16,10,85,87,42,top,2.549509757
Apr-16,2,no,G,6,16,11,80,105,42,under,19.03943276
Apr-16,2,no,G,6,16,12,79,81,10,stem,10.70046728
Apr-16,2,no,G,7,24,1,158,81,49,top,70.79901129
Apr-16,2,no,G,7,24,2,87,106,46,top,18.50675552
Apr-16,2,no,G,7,24,3,133,41,23,bottom,65.05766673
Apr-16,2,no,G,7,24,4,90,15,25,top,72.54309064
Apr-16,2,no,G,7,24,5,86,22,18,top,65.51717332
Apr-16,2,no,G,7,24,6,105,80,30,top,19.03943276
Apr-16,2,no,G,7,24,7,133,50,2,stick,58.96185207
Apr-16,2,no,G,7,24,8,35,51,31,stick,63.9413794
Apr-16,2,no,G,7,24,9,33,48,31,top,67.308989
Apr-16,2,no,G,7,24,10,153,44,15,burger,78.6288751
Apr-16,2,no,G,7,24,11,53,18,1,dirt,77.59188102
Apr-16,2,no,G,7,24,12,92,85,38,top,5.14781507
Apr-16,2,no,G,7,24,13,91,86,15,stick,3.807886553
Apr-16,2,no,G,7,24,14,84,48,16,top,39.65476012
Apr-16,2,no,G,8,48,1,131,51,9,stick,56.78468103
Apr-16,2,no,G,8,48,2,146,87,46,taco,58.50213671
Apr-16,2,no,G,8,48,3,158,87,14,taco,70.50177303
Apr-16,2,no,G,8,48,4,47,28,33,under,71.97569034
Apr-16,2,no,G,8,48,5,111,77,49,taco,25.73907535
Apr-16,2,no,G,8,48,6,138,26,52,top,79.57700673
Apr-16,2,no,G,8,48,7,32,58,35,top,62.85300311
Apr-16,2,no,G,8,48,8,91,65,14,top,22.77059507
Apr-16,2,no,G,8,48,9,103,115,11,stem,31.56738824
Apr-16,2,no,G,8,48,10,17,54,12,bottom,78.05446816
Apr-16,2,no,G,8,48,11,89,117,39,under,29.53811098
Apr-16,2,no,G,8,48,12,85,35,40,bottom,52.5594901
Apr-16,2,no,G,8,48,13,101,34,40,top,55.17698796
Apr-16,2,no,G,8,48,14,86,37,43,bottom,50.52227232
Apr-16,2,no,G,8,48,15,93,71,41,bottom,17.39252713
Apr-16,3,yes,S,1,0,1,74,88,0,ground,13.50925609
Apr-16,3,yes,S,1,0,2,76,89,0,ground,11.5974135
Apr-16,3,yes,S,1,0,3,81,84,0,ground,7.38241153
Apr-16,3,yes,S,1,0,4,84,90,1,vertical mulch,4.301162634
Apr-16,3,yes,S,1,0,5,85,89,1,vertical mulch,2.915475947
Apr-16,3,yes,S,1,0,6,92,95,0,ground,8.746427842
Apr-16,3,yes,S,1,0,7,87,91,4,stem,3.535533906
Apr-16,3,yes,S,1,0,8,87,91,7,stem,3.535533906
Apr-16,3,yes,S,1,0,9,88,92,10,stem,4.527692569
Apr-16,3,yes,S,1,0,10,90,87,17,stem,2.549509757
Apr-16,3,yes,S,1,0,11,89,94,22,stem,6.670832032
Apr-16,3,yes,S,1,0,12,87,86,23,top,1.58113883
Apr-16,3,yes,S,1,0,13,86,95,28,under,7.64852927
Apr-16,3,yes,S,1,0,14,93,95,33,stake,9.300537619
Apr-16,3,yes,S,1,0,15,92,93,33,stake,7.106335202
Apr-16,3,yes,S,1,0,16,105,104,40,top,24.05202694
Apr-16,3,yes,S,2,1,1,90,77,0,ground,10.79351657
Apr-16,3,yes,S,2,1,2,85,85,0,ground,3.535533906
Apr-16,3,yes,S,2,1,3,89,86,0,ground,2.121320344
Apr-16,3,yes,S,2,1,4,88,88,0,ground,0.7071067812
Apr-16,3,yes,S,2,1,5,93,92,0,ground,7.106335202
Apr-16,3,yes,S,2,1,6,87,96,0,ground,8.514693183
Apr-16,3,yes,S,2,1,7,91,88,11,stem/nubbin,3.535533906
Apr-16,3,yes,S,2,1,8,91,89,12,stem,3.807886553
Apr-16,3,yes,S,2,1,9,91,89,13,stake,3.807886553
Apr-16,3,yes,S,2,1,10,89,91,16,top,3.807886553
Apr-16,3,yes,S,2,1,11,87,89,19,top,1.58113883
Apr-16,3,yes,S,2,1,12,91,94,24,stem/nubbin,7.38241153
Apr-16,3,yes,S,2,1,13,88,88,27,top,0.7071067812
Apr-16,3,yes,S,2,1,14,85,91,29,top,4.301162634
Apr-16,3,yes,S,2,1,15,91,95,31,stake,8.276472679
Apr-16,3,yes,S,2,1,16,109,102,43,top,25.93260496
Apr-16,3,yes,S,2,1,17,116,74,1,under/folded into burrito,31.53569406
Apr-16,3,yes,S,2,1,18,97,140,0,ground,53.35260069
Apr-16,3,yes,S,3,2,1,90,80,0,ground,7.90569415
Apr-16,3,yes,S,3,2,2,85,89,0,ground,2.915475947
Apr-16,3,yes,S,3,2,3,90,90,7,stem,3.535533906
Apr-16,3,yes,S,3,2,4,90,92,0,ground,5.14781507
Apr-16,3,yes,S,3,2,5,93,96,0,ground,10.12422837
Apr-16,3,yes,S,3,2,6,101,104,50,under,21.31900561
Apr-16,3,yes,S,3,2,7,91,96,11,stake,9.192388155
Apr-16,3,yes,S,3,2,8,90,95,11,stem,7.90569415
Apr-16,3,yes,S,3,2,9,84,93,19,top,6.519202405
Apr-16,3,yes,S,3,2,10,84,87,25,top,3.535533906
Apr-16,3,yes,S,3,2,11,91,92,24,stem,5.700877125
Apr-16,3,yes,S,3,2,12,91,93,25,stem,6.519202405
Apr-16,3,yes,S,3,2,13,92,94,30,stem,7.90569415
Apr-16,3,yes,S,3,2,14,96,140,0,ground,53.1836441
Apr-16,3,yes,S,3,2,15,117,76,1,ground/under/burrito,31.6622804
Apr-16,3,yes,S,3,2,16,75,122,7,under,36.69468626
Apr-16,3,yes,S,4,4,1,90,81,0,ground,6.964194139
Apr-16,3,yes,S,4,4,2,89,85,0,ground,2.915475947
Apr-16,3,yes,S,4,4,3,92,92,0,ground,6.363961031
Apr-16,3,yes,S,4,4,4,91,94,7,stake,7.38241153
Apr-16,3,yes,S,4,4,5,90,94,11,stem,6.964194139
Apr-16,3,yes,S,4,4,6,89,97,15,top,9.617692031
Apr-16,3,yes,S,4,4,7,84,92,18,top,5.700877125
Apr-16,3,yes,S,4,4,8,92,101,29,stake,14.23024947
Apr-16,3,yes,S,4,4,9,86,94,30,top,6.670832032
Apr-16,3,yes,S,4,4,10,117,75,1,ground/under/burrito,32.03903869
Apr-16,3,yes,S,4,4,11,96,137,1,mulch,50.22449602
Apr-16,3,yes,S,4,4,12,119,85,0,under/ground,31.59905062
Apr-16,3,yes,S,4,4,13,82,117,17,under,30.00833218
Apr-16,3,yes,S,4,4,14,118,108,48,top,36.74914965
Apr-16,3,yes,S,4,4,15,81,118,7,under,31.18493226
Apr-16,3,yes,S,5,8,1,90,77,0,,10.79351657
Apr-16,3,yes,S,5,8,2,89,87,1,,1.58113883
Apr-16,3,yes,S,5,8,3,91,89,9,stake,3.807886553
Apr-16,3,yes,S,5,8,4,117,77,0,ground/under/burrito,31.31293662
Apr-16,3,yes,S,5,8,5,85,85,16,under,3.535533906
Apr-16,3,yes,S,5,8,6,98,78,27,stem,14.15980226
Apr-16,3,yes,S,5,8,7,86,93,20,top,5.700877125
Apr-16,3,yes,S,5,8,8,90,95,22,stem,7.90569415
Apr-16,3,yes,S,5,8,9,91,94,27,stem,7.38241153
Apr-16,3,yes,S,5,8,10,86,89,29,under,2.121320344
Apr-16,3,yes,S,5,8,11,96,97,40,stem,12.74754878
Apr-16,3,yes,S,5,8,12,110,118,26,stake,37.90118732
Apr-16,3,yes,S,5,8,13,109,104,46,top,27.10166047
Apr-16,3,yes,S,5,8,14,92,117,18,stem,29.84124662
Apr-16,3,yes,S,5,8,15,119,78,0,ground/under,32.90136775
Apr-16,3,yes,S,5,8,16,78,116,8,under,30.04163777
Apr-16,3,yes,S,6,16,1,106,114,47,top,32.31872522
Apr-16,3,yes,S,6,16,2,103,112,33,stick,28.99137803
Apr-16,3,yes,S,6,16,3,117,76,1,top,31.6622804
Apr-16,3,yes,S,6,16,4,118,101,52,bottom,33.35416016
Apr-16,3,yes,S,6,16,5,77,116,1,bottom,30.3726851
Apr-16,3,yes,S,6,16,6,125,148,6,under,71.17935094
Apr-16,3,yes,S,6,16,7,110,89,15,top,22.54994457
Apr-16,3,yes,S,6,16,8,98,87,8,stick,10.51189802
Apr-16,3,yes,S,6,16,9,98,89,9,under,10.60660172
Apr-16,3,yes,S,6,16,10,107,70,26,stem,26.20114501
Apr-16,3,yes,S,6,16,11,151,91,34,stem,63.59638354
Apr-16,3,yes,S,6,16,12,104,150,26,stick,64.64131806
Apr-16,3,yes,S,7,24,1,161,32,67,taco,92.1004886
Apr-16,3,yes,S,7,24,2,104,67,44,stick,26.31539473
Apr-16,3,yes,S,7,24,3,91,101,50,bottom,13.94632568
Apr-16,3,yes,S,7,24,4,144,89,25,stick,56.519908
Apr-16,3,yes,S,7,24,5,106,25,1,bottom,65.18051856
Apr-16,3,yes,S,7,24,6,112,66,29,taco,32.59601203
Apr-16,3,yes,S,7,24,7,103,67,335,bottom,25.70019455
Apr-16,3,yes,S,7,24,8,104,70,44,stem,24.05202694
Apr-16,3,yes,S,7,24,9,109,128,26,bottom,45.85302607
Apr-16,3,yes,S,7,24,10,119,147,14,stem,67.32384422
Apr-16,3,yes,S,7,24,11,65,18,2,top,73.0513518
Apr-16,3,yes,S,7,24,12,61,45,27,top,50.08492787
Apr-16,3,yes,S,7,24,13,48,147,19,top,71.4177849
Apr-16,3,yes,S,7,24,14,111,123,24,bottom,42.57346591
Apr-16,3,yes,S,7,24,15,86,81,24,top,6.670832032
Apr-16,3,yes,S,8,48,1,164,27,14,bottom,97.53204602
Apr-16,3,yes,S,8,48,2,153,84,54,bottom,65.59344479
Apr-16,3,yes,S,8,48,3,46,93,32,bottom,41.86287138
Apr-16,3,yes,S,8,48,4,108,128,26,bottom,45.3927307
Apr-16,3,yes,S,8,48,5,108,154,24,top,69.58807369
Apr-16,3,yes,S,8,48,6,97,98,36,stem,14.15980226
Apr-16,3,yes,S,8,48,7,94,85,35,bottom,6.964194139
Apr-16,3,yes,S,8,48,8,112,119,24,bottom,39.90613988
Apr-16,3,yes,S,8,48,9,40,52,31,bottom,59.30008432
Apr-16,3,yes,S,8,48,10,107,87,14,bottom,19.5064092
Apr-16,3,yes,S,8,48,11,103,80,22,bottom,17.21917536
Apr-16,3,yes,S,8,48,12,88,63,53,stem,24.50510151
Apr-16,3,yes,S,8,48,13,52,23,37,stick,73.62404499
Apr-16,3,yes,S,8,48,14,68,64,41,top,30.53686297
Apr-16,3,yes,S,8,48,15,116,75,91,top,31.12073264
Apr-16,4,yes,G,1,0,1,76,86,0,ground,11.5974135
Apr-16,4,yes,G,1,0,2,77,83,0,ground,11.42365966
Apr-16,4,yes,G,1,0,3,69,94,0,ground,19.60867155
Apr-16,4,yes,G,1,0,4,86,79,0,ground,8.631338251
Apr-16,4,yes,G,1,0,5,89,91,0,ground,3.807886553
Apr-16,4,yes,G,1,0,6,96,91,0,ground,9.192388155
Apr-16,4,yes,G,1,0,7,91,79,2,ground,9.192388155
Apr-16,4,yes,G,1,0,8,90,80,8,stem,7.90569415
Apr-16,4,yes,G,1,0,9,90,79,10,stem,8.860022573
Apr-16,4,yes,G,1,0,10,88,87,9,edge,0.7071067812
Apr-16,4,yes,G,1,0,11,88,83,14,top,4.527692569
Apr-16,4,yes,G,1,0,12,87,81,10,under,6.519202405
Apr-16,4,yes,G,1,0,13,101,102,23,top,19.81161276
Apr-16,4,yes,G,1,0,14,93,67,28,under,21.22498528
Apr-16,4,yes,G,1,0,15,88,70,28,taco,17.5071414
Apr-16,4,yes,G,1,0,16,84,72,29,stake,15.89024858
Apr-16,4,yes,G,2,1,1,70,94,0,ground,18.6681547
Apr-16,4,yes,G,2,1,2,79,87,0,ground,8.514693183
Apr-16,4,yes,G,2,1,3,91,80,2,stem,8.276472679
Apr-16,4,yes,G,2,1,4,89,98,6,top,10.60660172
Apr-16,4,yes,G,2,1,5,90,97,6,stem,9.823441352
Apr-16,4,yes,G,2,1,6,87,100,10,top,12.509996
Apr-16,4,yes,G,2,1,7,84,91,0,ground,4.949747468
Apr-16,4,yes,G,2,1,8,86,101,12,top,13.58307771
Apr-16,4,yes,G,2,1,9,99,73,19,top,18.50675552
Apr-16,4,yes,G,2,1,10,76,84,19,top,12.02081528
Apr-16,4,yes,G,2,1,11,93,72,25,top,16.4468842
Apr-16,4,yes,G,2,1,12,91,63,25,top,24.74873734
Apr-16,4,yes,G,2,1,13,80,103,38,stake,17.21917536
Apr-16,4,yes,G,2,1,14,85,72,29,taco,15.70031847
Apr-16,4,yes,G,3,2,1,70,103,0,ground,23.37733946
Apr-16,4,yes,G,3,2,2,79,93,0,ground,10.12422837
Apr-16,4,yes,G,3,2,3,100,93,0,ground,13.65650028
Apr-16,4,yes,G,3,2,4,98,75,24,top,16.32482772
Apr-16,4,yes,G,3,2,5,83,71,41,stake,17.10263138
Apr-16,4,yes,G,3,2,6,91,81,2,stake,7.38241153
Apr-16,4,yes,G,3,2,7,89,79,4,top,8.631338251
Apr-16,4,yes,G,3,2,8,87,78,10,top,9.513148795
Apr-16,4,yes,G,3,2,9,83,72,28,taco,16.14001239
Apr-16,4,yes,G,3,2,10,88,70,27,top,17.5071414
Apr-16,4,yes,G,3,2,11,90,67,25,top,20.65187643
Apr-16,4,yes,G,3,2,12,80,120,14,stem,33.35416016
Apr-16,4,yes,G,4,4,1,78,93,0,ground,10.9772492
Apr-16,4,yes,G,4,4,2,86,83,0,ground,4.74341649
Apr-16,4,yes,G,4,4,3,92,86,3,stake,4.74341649
Apr-16,4,yes,G,4,4,4,112,93,0,ground,25.10975906
Apr-16,4,yes,G,4,4,5,69,98,0,ground,21.27204739
Apr-16,4,yes,G,4,4,6,87,77,7,top,10.51189802
Apr-16,4,yes,G,4,4,7,81,72,16,top,16.80773631
Apr-16,4,yes,G,4,4,8,86,77,19,stake,10.60660172
Apr-16,4,yes,G,4,4,9,92,65,30,top,22.94558781
Apr-16,4,yes,G,4,4,10,90,71,31,top,16.68831927
Apr-16,4,yes,G,4,4,11,81,74,35,stake,14.98332406
Apr-16,4,yes,G,4,4,12,79,90,19,top,8.860022573
Apr-16,4,yes,G,4,4,13,81,118,14,stem,31.18493226
Apr-16,4,yes,G,4,4,14,103,92,16,stake,16.14001239
Apr-16,4,yes,G,5,8,1,102,86,0,ground,14.57737974
Apr-16,4,yes,G,5,8,2,90,77,4,top,10.79351657
Apr-16,4,yes,G,5,8,3,90,79,3,top,8.860022573
Apr-16,4,yes,G,5,8,4,77,75,10,top,16.32482772
Apr-16,4,yes,G,5,8,5,86,77,15,stake,10.60660172
Apr-16,4,yes,G,5,8,6,86,78,18,stem,9.617692031
Apr-16,4,yes,G,5,8,7,82,74,40,stake,14.57737974
Apr-16,4,yes,G,5,8,8,79,116,16,stem,29.74054472
Apr-16,4,yes,G,5,8,9,34,114,0,ground,59.70343374
Apr-16,4,yes,G,5,8,10,90,69,22,top,18.6681547
Apr-16,4,yes,G,5,8,11,103,88,12,stem,15.50806242
Apr-16,4,yes,G,5,8,12,52,89,6,stem,35.53167601
Apr-16,4,yes,G,5,8,13,88,65,0,ground,22.50555487
Apr-16,4,yes,G,5,8,14,91,120,13,stem,32.68791826
Apr-16,4,yes,G,6,16,1,79,71,7,top,18.56071119
Apr-16,4,yes,G,6,16,2,36,118,0,ground,59.85398901
Apr-16,4,yes,G,6,16,3,18,20,16,top,96.8839512
Apr-16,4,yes,G,6,16,4,89,80,5,unhder,7.64852927
Apr-16,4,yes,G,6,16,5,89,79,19,stem,8.631338251
Apr-16,4,yes,G,6,16,6,90,119,11,stem,31.59905062
Apr-16,4,yes,G,6,16,7,77,118,18,stem,32.25678223
Apr-16,4,yes,G,6,16,8,80,75,39,stake,14.57737974
Apr-16,4,yes,G,6,16,9,76,87,12,top,11.51086443
Apr-16,4,yes,G,6,16,10,102,88,11,stem,14.50861813
Apr-16,4,yes,G,7,24,1,87,138,45,taco,50.50247519
Apr-16,4,yes,G,7,24,2,19,16,19,top,99.01767519
Apr-16,4,yes,G,7,24,3,42,101,35,stem,47.4605099
Apr-16,4,yes,G,7,24,4,118,54,29,top,45.30452516
Apr-16,4,yes,G,7,24,5,97,20,45,top,68.16524041
Apr-16,4,yes,G,7,24,6,82,119,25,top,31.97655391
Apr-16,4,yes,G,7,24,7,83,71,29,hamburger,17.10263138
Apr-16,4,yes,G,7,24,8,83,77,10,top,11.42365966
Apr-16,4,yes,G,7,24,9,90,81,9,stem,6.964194139
Apr-16,4,yes,G,8,48,1,131,22,17,top,78.6288751
Apr-16,4,yes,G,8,48,2,119,53,28,top,46.71723451
Apr-16,4,yes,G,8,48,3,22,21,21,bottom,93.34077351
Apr-16,4,yes,G,8,48,4,54,33,37,top,63.97265041
Apr-16,4,yes,G,8,48,5,58,65,19,top,37.10121292
Apr-16,4,yes,G,8,48,6,114,142,38,top,60.6011551
Apr-16,4,yes,G,8,48,7,48,28,27,bottom,71.4177849
Apr-16,4,yes,G,8,48,8,87,82,5,bottom,5.522680509
Apr-16,4,yes,G,8,48,9,40,133,30,top,65.77613549
Apr-16,4,yes,G,8,48,10,31,98,29,hamburger,57.46738205
Jun-15,1,no,G,1,14,1,98,96,0,,10
Jun-15,1,no,G,1,14,2,97,95,0,,8.602325267
Jun-15,1,no,G,1,14,3,83,75,0,,16.55294536
Jun-15,1,no,G,1,14,4,90,100,0,,10
Jun-15,1,no,G,1,14,5,90,91,3,,1
Jun-15,1,no,G,1,14,6,91,91,29,,1.414213562
Jun-15,1,no,G,1,14,7,89,93,19,,3.16227766
Jun-15,1,no,G,1,14,8,90,89,26,,1
Jun-15,1,no,G,1,14,9,92,90,20,,2
Jun-15,1,no,G,1,14,10,86,88,19,,4.472135955
Jun-15,1,no,G,1,14,11,95,93,15,,5.830951895
Jun-15,1,no,G,1,14,12,95,80,14,,11.18033989
Jun-15,1,no,G,1,14,13,84,88,21,,6.32455532
Jun-15,1,no,G,1,14,14,90,102,10,,12
Jun-15,1,no,G,1,14,15,86,94,19,,5.656854249
Jun-15,1,no,G,1,14,16,84,84,21,,8.485281374
Jun-15,1,no,G,1,14,17,89,83,15,,7.071067812
Jun-15,1,no,G,2,15,1,82,93,22,,8.544003745
Jun-15,1,no,G,2,15,2,82,94,22,,8.94427191
Jun-15,1,no,G,2,15,3,73,94,42,,17.4642492
Jun-15,1,no,G,2,15,4,98,76,44,,16.1245155
Jun-15,1,no,G,2,15,5,82,101,32,,13.60147051
Jun-15,1,no,G,2,15,6,82,102,31,,14.4222051
Jun-15,1,no,G,2,15,7,135,48,39,,61.55485359
Jun-15,1,no,G,2,15,8,100,70,21,,22.36067977
Jun-15,1,no,G,2,15,9,74,89,22,,16.03121954
Jun-15,1,no,G,2,15,10,74,91,24,,16.03121954
Jun-15,1,no,G,2,15,11,83,103,34,,14.76482306
Jun-15,1,no,G,2,15,12,77,98,0,,15.26433752
Jun-15,1,no,G,2,15,13,91,107,19,,17.02938637
Jun-15,1,no,G,2,15,14,41,108,17,,52.20153254
Jun-15,1,no,G,2,15,15,84,78,23,,13.41640786
Jun-15,1,no,G,3,16,1,77,77,33,,18.38477631
Jun-15,1,no,G,3,16,2,90,75,35,,15
Jun-15,1,no,G,3,16,3,85,94,8,,6.403124237
Jun-15,1,no,G,3,16,4,90,71,15,,19
Jun-15,1,no,G,3,16,5,85,107,4,,17.72004515
Jun-15,1,no,G,3,16,6,82,127,12,,37.85498646
Jun-15,1,no,G,3,16,7,121,91,46,,31.01612484
Jun-15,1,no,G,3,16,8,110,108,27,,26.90724809
Jun-15,1,no,G,3,16,9,123,134,22,,55
Jun-15,1,no,G,3,16,10,89,90,19,,1
Jun-15,1,no,G,3,16,11,89,111,30,,21.02379604
Jun-15,1,no,G,3,16,12,101,107,0,,20.24845673
Jun-15,1,no,G,3,16,13,50,100,13,,41.23105626
Jun-15,1,no,G,3,16,14,53,107,17,,40.71854614
Jun-15,1,no,G,3,16,15,152,24,16,,90.55385138
Jun-15,1,no,G,3,16,16,46,41,36,,65.8559033
Jun-15,1,no,G,3,16,17,116,91,48,,26.01922366
Jun-15,1,no,G,3,16,18,79,78,21,,16.2788206
Jun-15,1,no,G,4,18,1,154,14,11,,99.35793879
Jun-15,1,no,G,4,18,2,57,33,25,,65.8634952
Jun-15,1,no,G,4,18,3,82,117,30,,28.16025568
Jun-15,1,no,G,4,18,4,128,127,11,,53.03772242
Jun-15,1,no,G,4,18,5,144,21,8,,87.6184912
Jun-15,1,no,G,4,18,6,86,116,24,,26.30589288
Jun-15,1,no,G,4,18,7,88,62,42,,28.0713377
Jun-15,1,no,G,4,18,8,97,106,20,,17.4642492
Jun-15,1,no,G,4,18,9,96,106,20,,17.08800749
Jun-15,1,no,G,4,18,10,98,108,18,,19.6977156
Jun-15,1,no,G,4,18,11,76,61,29,,32.20248438
Jun-15,1,no,G,4,18,12,95,73,15,,17.72004515
Jun-15,1,no,G,4,18,13,106,114,39,,28.8444102
Jun-15,1,no,G,4,18,14,90,54,20,,36
Jun-15,1,no,G,4,18,15,81,91,24,,9.055385138
Jun-15,1,no,G,4,18,16,82,100,18,,12.80624847
Jun-15,1,no,G,5,24,1,60,103,38,,32.69556545
Jun-15,1,no,G,5,24,2,88,55,20,,35.05709629
Jun-15,1,no,G,5,24,3,94,118,26,,28.28427125
Jun-15,1,no,G,5,24,4,94,118,30,,28.28427125
Jun-15,1,no,G,5,24,5,104,109,38,,23.60084744
Jun-15,1,no,G,5,24,6,72,94,15,,18.43908891
Jun-15,1,no,G,5,24,7,82,62,32,,29.12043956
Jun-15,1,no,G,5,24,8,46,86,23,,44.18144407
Jun-15,1,no,G,5,24,9,89,107,18,,17.02938637
Jun-15,1,no,G,5,24,10,89,107,19,,17.02938637
Jun-15,1,no,G,5,24,11,89,107,21,,17.02938637
Jun-15,1,no,G,5,24,12,93,111,20,,21.21320344
Jun-15,1,no,G,5,24,13,63,66,20,,36.12478374
Jun-15,1,no,G,5,24,14,77,97,29,,14.76482306
Jun-15,1,no,G,5,24,15,86,112,29,,22.36067977
Jun-15,1,no,G,5,24,16,102,108,21,,21.63330765
Jun-15,1,no,G,5,24,17,115,92,35,,25.07987241
Jun-15,1,no,G,5,24,18,52,31,18,,70.17834424
Jun-15,1,no,G,6,32,1,42,21,43,,84.05355436
Jun-15,1,no,G,6,32,2,85,118,22,,28.44292531
Jun-15,1,no,G,6,32,3,83,106,11,,17.4642492
Jun-15,1,no,G,6,32,4,82,101,24,,13.60147051
Jun-15,1,no,G,6,32,5,86,105,25,,15.5241747
Jun-15,1,no,G,6,32,6,88,105,25,,15.13274595
Jun-15,1,no,G,6,32,7,80,95,19,,11.18033989
Jun-15,1,no,G,6,32,8,79,68,29,,24.59674775
Jun-15,1,no,G,6,32,9,82,66,31,,25.29822128
Jun-15,1,no,G,6,32,10,46,85,46,,44.28317965
Jun-15,1,no,G,6,32,11,83,121,23,,31.78049716
Jun-15,1,no,G,6,32,12,20,12,16,,104.8045801
Jun-15,1,no,G,6,32,13,47,23,42,,79.61155695
Jun-15,1,no,G,6,32,14,89,108,11,,18.02775638
Jun-15,1,no,G,6,32,15,77,60,17,,32.69556545
Jun-15,1,no,G,6,32,16,97,51,24,,39.62322551
Jun-15,1,no,G,6,32,17,59,69,24,,37.44329045
Jun-15,1,no,G,7,40,1,85,124,34,,34.36568055
Jun-15,1,no,G,7,40,2,42,19,51,,85.70297544
Jun-15,1,no,G,7,40,3,82,108,23,,19.6977156
Jun-15,1,no,G,7,40,4,86,108,15,,18.43908891
Jun-15,1,no,G,7,40,5,91,50,21,,40.01249805
Jun-15,1,no,G,7,40,6,82,59,13,,32.01562119
Jun-15,1,no,G,7,40,7,88,107,8,,17.11724277
Jun-15,1,no,G,7,40,8,95,107,29,,17.72004515
Jun-15,1,no,G,7,40,9,137,67,17,,52.32590181
Jun-15,1,no,G,7,40,10,29,13,27,,98.23441352
Jun-15,1,no,G,7,40,11,105,115,24,,29.15475947
Jun-15,1,no,G,7,40,12,47,91,28,,43.01162634
Jun-15,1,no,G,7,40,13,90,56,22,,34
Jun-15,1,no,G,7,40,14,84,66,38,,24.73863375
Jun-15,1,no,G,7,40,15,54,19,2,,79.60527621
Jun-15,1,no,G,7,40,16,85,93,17,,5.830951895
Jun-15,1,no,G,8,64,1,37,139,32,,72.18032973
Jun-15,1,no,G,8,64,2,58,142,23,,61.05735009
Jun-15,1,no,G,8,64,3,16,155,37,,98.49365462
Jun-15,1,no,G,8,64,4,59,127,10,,48.27007354
Jun-15,1,no,G,8,64,5,19,15,22,,103.2763284
Jun-15,1,no,G,8,64,6,86,109,22,,19.41648784
Jun-15,1,no,G,8,64,7,45,69,49,,49.65883607
Jun-15,1,no,G,8,64,8,102,113,17,,25.94224354
Jun-15,1,no,G,8,64,9,87,66,23,,24.18677324
Jun-15,1,no,G,8,64,10,156,130,32,,77.17512553
Jun-15,1,no,G,8,64,11,71,67,26,,29.83286778
Jun-15,1,no,G,8,64,12,38,19,50,,88.00568163
Jun-15,1,no,G,8,64,13,137,67,0,,52.32590181
Jun-15,1,no,G,8,64,14,95,59,19,,31.40063694
Jun-15,1,no,G,8,64,15,37,142,31,,74.24957912
Jun-15,1,no,G,8,64,16,129,0,0,,98.08669635