mxy,mt,Deff,R2,AIC,sigma
2,2,2.320389259628747e-11,0.2377183849163904,-44676.694049068385,5.990280828709939e-13
2,3,0.0004483096039464201,0.261372192468062,-12468.537810372656,9.102048456965366e-06
2,4,0.002324685333857337,0.2961064811879959,-8997.618299469388,4.565312999374835e-05
2,5,0.0024093090044101074,0.29899924602241834,-8386.44552107738,4.694802165716573e-05
2,6,0.0022575367692739758,0.29523108725160163,-8060.226106962791,4.22768745223604e-05
2,7,0.0021024055907134256,0.30028683696301417,-7871.324792623658,3.574706384841013e-05
2,8,0.0019741057792785556,0.3080249602255779,-7705.458191945193,2.9823716315743844e-05
2,9,0.0018809712441358402,0.3108333317865002,-7567.498522845755,2.62220109575183e-05
2,10,0.0018109787562429897,0.3123635269427104,-7423.133145720826,2.4044695671201406e-05
2,11,0.0017514155150809775,0.315074625045457,-7357.74368885987,2.2298327467963037e-05
2,12,0.001699420046170709,0.3224679681334943,-7254.693541028555,2.0592706894608298e-05
2,13,0.0016519813585465543,0.3321439312641751,-7238.778889620298,1.8838700744600938e-05
2,14,0.0016117662803916217,0.3446802089565738,-7165.954347310951,1.7162795639477787e-05
2,15,0.00157717532144195,0.35455970426086436,-7158.315316401619,1.5776183698416602e-05
2,16,0.0015496727899816268,0.36219634997121974,-7062.879333502559,1.478021667413392e-05
2,17,0.0015249532046600085,0.3656625011698674,-7033.868110251411,1.4058325166765513e-05
2,18,0.0015031369117742112,0.3665572599364634,-6998.161527534053,1.3572326298396588e-05
2,19,0.0014831769254659436,0.36580352235928293,-6960.211171251856,1.3244274714503846e-05
2,20,0.00146521434852443,0.36584596867899966,-6843.300350902516,1.3035882921760602e-05
3,2,1.3088195456348843e-10,0.23920854392114332,-44612.492432511295,3.3727303207388474e-12
3,3,0.0025286802310252403,0.26289960938616586,-12404.218334565037,5.12206791273504e-05
3,4,0.013113614530826899,0.2977900012832613,-8933.426132015687,0.0002570148979343543
3,5,0.013591859377492285,0.3006670056282511,-8322.165416941956,0.00026439574391539256
3,6,0.01273521742190951,0.296794731250024,-7995.724763715444,0.00023812345101287833
3,7,0.011859321596485168,0.30176951673706753,-7806.626780827801,0.00020133331215906348
3,8,0.0111349850175836,0.3094494383273705,-7640.609092869113,0.0001679464610395589
3,9,0.010609359430289431,0.31221079251022876,-7502.548379660647,0.00014765355056150546
3,10,0.010214479183676158,0.31371228292186004,-7358.1355828780015,0.00013539337964044583
3,11,0.009878502835124925,0.3164103580159946,-7292.738388634866,0.00012556115223837729
3,12,0.009585263272129232,0.32381615854905876,-7189.733662625815,0.00011595585408903472
3,13,0.009317757221884633,0.33351909059598084,-7173.900174629641,0.00010607498534170427
3,14,0.009091047035821576,0.346099088114578,-7101.191619311157,9.663228541444095e-05
3,15,0.008896102646535113,0.3560187640415442,-7093.665807843805,8.881994513239286e-05
3,16,0.00874117338089561,0.36368868343207594,-6998.318590656818,8.320961604413192e-05
3,17,0.008601954614783967,0.36717563174977375,-6969.369235699895,7.914467773911457e-05
3,18,0.008479113093158627,0.3680810715484605,-6933.695969959036,7.640966117704227e-05
3,19,0.00836673295415681,0.3673301974701111,-6895.7560267846175,7.456504850047489e-05
3,20,0.008265588874322306,0.36737074165456995,-6778.830181406851,7.33948213818653e-05
4,2,4.849608637170271e-09,0.3004275301790832,-43698.38100049639,1.2022923294965546e-10
4,3,0.0936692748959154,0.32522613004036705,-11490.778804908326,0.0017654599037725887
4,4,0.48889912490477816,0.36823084138661377,-8033.780697151737,0.009002420363385485
4,5,0.5087665533230282,0.37056849356227917,-7420.796840472271,0.009439425367060574
4,6,0.47546077064844344,0.36029638146579923,-7082.7451752551015,0.008593159445793577
4,7,0.44054904915901594,0.3594338275261336,-6883.504944463455,0.0072449963246059715
4,8,0.41168333390607276,0.362343997304736,-6709.21822237086,0.005979035692242284
4,9,0.391023107796795,0.36115196766749846,-6564.225353236379,0.005225770525324461
4,10,0.37571341837353506,0.35969512182727703,-6414.710273662693,0.004788549227904796
4,11,0.3627635566876752,0.36006870273824254,-6345.402725588567,0.004442324403778871
4,12,0.35151767140687273,0.36606469671215836,-6240.250531380193,0.004100051104967349
4,13,0.34129121945013036,0.37473949168794884,-6222.984089298765,0.0037413368000713083
4,14,0.33270875337696576,0.38690617842523745,-6150.029763197942,0.0033948720487862525
4,15,0.3254026688900952,0.3963408384929378,-6142.00245467857,0.003108627067010509
4,16,0.3196774392477873,0.4036133445628023,-6046.21456269004,0.002905179438349145
4,17,0.31455851557511383,0.4063841670810808,-6016.02401105854,0.002760568893645158
4,18,0.31005532169806943,0.4064200472707823,-5978.7019118336975,0.0026663574290023994
4,19,0.30592556383965847,0.40467376776589503,-5938.81416370183,0.002605711951772536
4,20,0.30217625095557377,0.4037855777658733,-5820.136969165883,0.0025703114254249215
5,2,5.3009438178262196e-08,0.433985399456121,-42729.193561325104,1.3035200061674628e-09
5,3,1.1019966844940987,0.47522275732585517,-10556.012634179366,0.020752790677268713
5,4,6.459688918750373,0.5906281019039352,-7271.847107128575,0.0850504267894467
5,5,7.531374842930018,0.642713777136501,-6785.059925793704,0.06270344817279223
5,6,7.5770397472174515,0.6271004041124671,-6419.917982247429,0.0638637823927945
5,7,7.341711500753644,0.6022946924937156,-6157.697600356417,0.06359057880126437
5,8,7.058665578470763,0.5777186386671094,-5919.034691143962,0.05507101857960829
5,9,6.900444289582694,0.5560658392600926,-5726.251735891581,0.052094486661558186
5,10,6.839656161989253,0.5419837770161384,-5547.954007808464,0.05304632187004372
5,11,6.805523084070252,0.5327491503169096,-5458.101965669512,0.05420872053028962
5,12,6.7833607039941635,0.5329415081513125,-5343.481451599244,0.05341874873243877
5,13,6.7606495607198855,0.5369185235491323,-5320.321884391941,0.05077056081296599
5,14,6.770656504310715,0.5488863677114928,-5252.771705639819,0.04611254119861631
5,15,6.815952138291793,0.5600727617357438,-5253.222551452398,0.04183062055962122
5,16,6.913438444451842,0.5728444908799573,-5173.52580412525,0.03828844537827434
5,17,7.033796677855707,0.5810484394299114,-5157.071610248154,0.036149512541153984
5,18,7.176073369255039,0.5868136599069982,-5132.69538122122,0.034978874777443054
5,19,7.329102057525911,0.5902625964323283,-5103.437622746155,0.03447015057143095
5,20,7.48048843492102,0.5939640740847575,-4994.667916320862,0.034185829862740144
6,2,5.414504207346869e-08,0.4416729196618676,-41821.798425424095,1.282628858760067e-09
6,3,1.1227265010809302,0.4821463505401462,-9644.210723011178,0.02035716088096188
6,4,6.5657981322388554,0.5973735734167798,-6359.816784347204,0.08286339639128482
6,5,7.630723597589263,0.6482118930630943,-5870.364387125563,0.06128434883736282
6,6,7.665991317418539,0.6326910706619213,-5503.089334086604,0.06265219752099296
6,7,7.427539186656009,0.6084993656622807,-5238.853946358502,0.062286501025527755
6,8,7.14513375607305,0.5845664119300895,-4998.202358387906,0.05409024541088987
6,9,6.986756216481067,0.5633923455075884,-4804.053388359746,0.051333451901539685
6,10,6.924828382362637,0.549670014218959,-4624.980412641332,0.05229171890749587
6,11,6.889413558134012,0.5407549964307814,-4534.583148386177,0.05339264152833379
6,12,6.865978771261765,0.541231075027717,-4419.609393752893,0.05254907485546437
6,13,6.8421760546650034,0.545448491217221,-4396.076623519975,0.04989792884100705
6,14,6.850681907492268,0.5575438727185051,-4328.2044724143325,0.045297960092140564
6,15,6.893945333642176,0.5687358803379479,-4328.209871384895,0.041088200129610994
6,16,6.988604541771974,0.5814097781593499,-4248.113061491671,0.03760429770371966
6,17,7.105578665572057,0.5894598477405457,-4231.1188210369255,0.03549182408314825
6,18,7.243927327194401,0.5950491159337457,-4206.173080592092,0.034317237052025995
6,19,7.39261846005044,0.5983275271475941,-4176.330357375662,0.033782758861114856
6,20,7.539637639114858,0.6019201448325187,-4067.136677036954,0.033458144095314404
7,2,5.558189031625007e-08,0.449382004060933,-41097.57021140443,1.262008050883528e-09
7,3,1.149269768896346,0.48864983635845016,-8914.219704147928,0.019954925181817754
7,4,6.704353227644087,0.6032409143528554,-5627.9001743514855,0.08071618715417771
7,5,7.766292656059913,0.652583109750943,-5134.516297081672,0.06005648652243414
7,6,7.79163733051795,0.6371077536821527,-4764.723843573254,0.06164368581720504
7,7,7.549984776188951,0.6134203728348914,-4497.8514591309095,0.06119979555234014
7,8,7.267828056590261,0.5899793910069902,-4254.512529598911,0.053381910381474496
7,9,7.109111547625753,0.5691824212656315,-4058.5869351157266,0.05087577706941497
7,10,7.046121138515643,0.5557314867036669,-3878.4198142136242,0.051852166973114906
7,11,7.009552879950916,0.547029279591267,-3787.115977172618,0.05289908107716479
7,12,6.9849523760454515,0.547616949674021,-3671.2041765450886,0.05200665819204285
7,13,6.960099579324705,0.5518556266371594,-3646.5597868517916,0.04935465693075197
7,14,6.967255322903709,0.563800202631304,-3577.390453131246,0.044814471702425945
7,15,7.008823909962162,0.5747307557696496,-3575.9991596486902,0.04068128394741092
7,16,7.101340894700985,0.5870643309194772,-3494.5850267101696,0.03726576011873243
7,17,7.215819398491578,0.5947702453308548,-3476.3302138343984,0.03519354868953533
7,18,7.351362790386853,0.6000366279441358,-3450.2513314516905,0.03403342318902624
7,19,7.497020805257752,0.6030323069030457,-3419.396382620007,0.03349606862249332
7,20,7.641092954028805,0.6064159230423221,-3309.3755226813714,0.03315935285100705
8,2,5.747213784673905e-08,0.45953355701739296,-40450.25739837468,1.2347893636910491e-09
8,3,1.1842492256081398,0.49721744347180297,-8259.786959334435,0.019421595051955537
8,4,6.8849004839825945,0.6107748121782391,-4971.090115540959,0.07798865448918493
8,5,7.942777915739309,0.658247116205419,-4472.882102438184,0.058527876472402235
8,6,7.955933671885275,0.6428668316200452,-4099.945137139513,0.06035865330992957
8,7,7.710628986389618,0.6198395769208346,-3829.7554576781067,0.059829875608944476
8,8,7.429084475438789,0.5970451927032014,-3583.0438190955233,0.05249975369262629
8,9,7.2701906081144765,0.5767523566028405,-3384.8818802457054,0.05030205922007961
8,10,7.206053142139453,0.5636610111399377,-3203.3065578420237,0.05129465065793352
8,11,7.168178906531583,0.5552312669428644,-3110.7987067489867,0.05227096873713577
8,12,7.142162412180069,0.5559424154788419,-2993.600357477742,0.05131901523161066
8,13,7.115962516678986,0.5601739436563858,-2967.4094175788255,0.04866981632997174
8,14,7.121267437977214,0.5718762615062928,-2896.4203764081776,0.044208975013968345
8,15,7.16048649925483,0.5824221133052354,-2893.069971491667,0.040172997357151845
8,16,7.250019039661766,0.5942758079270999,-2809.8123927626702,0.036841846171113274
8,17,7.361056435293165,0.6015053948163622,-2789.8024474965778,0.03481664004985281
8,18,7.492760981303111,0.6063317164894662,-2762.1573209473863,0.033671196363836725
8,19,7.634303516926765,0.6089468996923558,-2729.9166233381898,0.03312806705589418
8,20,7.77440594597205,0.6120542350054672,-2618.7838282451903,0.03277681678758791
9,2,5.945137148965331e-08,0.4702680221498361,-39965.77059559535,1.2058662055024089e-09
9,3,1.2210596034944088,0.5063447934520451,-7768.3461700991165,0.0188628729303101
9,4,7.07275782741192,0.6186648510619546,-4477.552391684753,0.07525398137349465
9,5,8.126335673681243,0.6643084757199764,-3974.815793500995,0.05702047238055339
9,6,8.127757877578205,0.6490756413173905,-3598.793353999251,0.059051843349027106
9,7,7.879304065965221,0.6267448904082158,-3325.3175081041845,0.058455022145068695
9,8,7.598759044554922,0.6046343030076344,-3075.2783979240558,0.05162378105862275
9,9,7.440016908608422,0.5848838677781782,-2874.9123258160616,0.04972618347406632
9,10,7.375000246715832,0.5721801783791951,-2691.939744721909,0.05072866382159899
9,11,7.336039261623928,0.5640399298630219,-2598.220850072224,0.051633042803088995
9,12,7.308717195092338,0.5648748176448232,-2479.714334470537,0.05062523378706962
9,13,7.281193916689163,0.5690873162941364,-2451.9367290569226,0.04798443625134468
9,14,7.284532914385169,0.5805228891329155,-2379.076625312568,0.04360787234242275
9,15,7.321227998883771,0.5906591853409748,-2373.7072904589,0.039670097253737796
9,16,7.407534574259003,0.6020110522573527,-2288.554187329903,0.03642103835708464
9,17,7.514897184223375,0.6087496700176107,-2266.739839430984,0.03443856822769108
9,18,7.6425401302133995,0.6131281606505072,-2237.4901089570144,0.033303530160221
9,19,7.779775747806861,0.6153615820013111,-2203.837112953568,0.032751419899095933
9,20,7.915766680043558,0.6181972151099661,-2091.584947684918,0.03238449031482677
10,2,6.176912240699225e-08,0.4829086991704211,-39536.09053973407,1.1712190848156626e-09
10,3,1.264455308453456,0.5171532388451895,-7330.8855360961625,0.01820681422466304
10,4,7.2916320211175485,0.62779836388757,-4037.8335114344036,0.07218298571061825
10,5,8.339823679089948,0.6713933724435699,-3530.1587419543393,0.05536443462948841
10,6,8.328453142837388,0.6563712937938541,-3150.7293092531067,0.057576854368069176
10,7,8.076937538611274,0.6348548290220315,-2873.6237377514394,0.05692148365312868
10,8,7.797888914429901,0.6135464841507434,-2619.9191818504437,0.0506524215777801
10,9,7.639609503547876,0.5944355448857361,-2417.1011997631695,0.04907412527870538
10,10,7.573794867161956,0.5821793022023368,-2232.5261823143255,0.050078085964504165
10,11,7.533723660302874,0.5743578194380261,-2137.369392877815,0.050900113688141346
10,12,7.504906233633696,0.575298477679799,-2017.2665199840555,0.04983451018003039
10,13,7.47576020630739,0.5794365766207983,-1987.531072740593,0.04720937519888747
10,14,7.476592042088129,0.5905008516484227,-1912.352186816741,0.04293193662520873
10,15,7.510074649036012,0.6001056715366143,-1904.482166453684,0.03910390427787268
10,16,7.5923001678947655,0.610831789257905,-1816.9902023657073,0.035943329112400085
10,17,7.695074500538514,0.6169688920236949,-1792.959492602646,0.034004073678251076
10,18,7.817701808781681,0.6208073133065065,-1761.7541285553284,0.03287768905221755
10,19,7.9496799913296545,0.6225867734888929,-1726.3981954669819,0.03231546269627948
10,20,8.08071122215152,0.6251070565668682,-1612.8275970626116,0.03193526777090472
11,2,6.37012279814387e-08,0.493604955803682,-39254.94407915841,1.1420690552956583e-09
11,3,1.3009399726690005,0.5264447369925966,-7043.777961055353,0.017667574743889667
11,4,7.474084058674518,0.6356467752659123,-3749.4541620122227,0.06975065785592581
11,5,8.517919949919001,0.6776657086868277,-3238.2601890357164,0.05406207906312162
11,6,8.496842762413236,0.6628652140757796,-2856.2030137538322,0.05637568087967725
11,7,8.243364231763856,0.6420332447013781,-2576.269580257517,0.05568955441505057
11,8,7.965833966641139,0.6213943764338983,-2319.717179573127,0.04987259177142665
11,9,7.808175959138685,0.6028183950202539,-2114.9918152340483,0.04853868037095225
11,10,7.741912257233529,0.5909352776917194,-1929.1773958021315,0.04953909863751483
11,11,7.701089501169754,0.5833765616514586,-1832.9127033072182,0.05029648902170693
11,12,7.671107654347856,0.5844008298705022,-1711.5964132164843,0.049190352217191716
11,13,7.640613811133558,0.5884733723426077,-1680.3683598650712,0.046584404071069396
11,14,7.639276828629208,0.5992329795233898,-1603.4323251694348,0.04239076141940551
11,15,7.669989415165588,0.6084095956274009,-1593.658070690211,0.03865127880047299
11,16,7.748719554257047,0.6186377763256191,-1504.3937470676365,0.03555937330797387
11,17,7.847622529277051,0.624302209696889,-1478.6760036585395,0.0336519840357855
11,18,7.966074535050198,0.6277219323229835,-1445.9859809045042,0.03253055728593607
11,19,8.093739594194757,0.6291556801681972,-1409.3438647245125,0.031959529531949464
11,20,8.220766637338633,0.6314432790149394,-1294.7973255793916,0.0315693064162706
12,2,6.655459830301524e-08,0.5092874745651585,-38911.72303079271,1.0979799257688304e-09
12,3,1.355270948059949,0.5401355407226058,-6691.926355296747,0.016861983540714297
12,4,7.742724292636811,0.6468341812023504,-3395.240336974592,0.06626445792369313
12,5,8.77911684698348,0.6865004694063002,-2878.6554544969767,0.05224602083458324
12,6,8.74431100692017,0.6720343542422696,-2492.862012652382,0.054667082389352195
12,7,8.488391220823843,0.6521958393279759,-2208.97165798165,0.05394682318112344
12,8,8.21337288111051,0.6325357257874668,-1948.4327006584344,0.04875110278004463
12,9,8.05684039266879,0.6147358818531528,-1740.9585880609811,0.04772987654126358
12,10,7.990014826611735,0.6033659014872379,-1553.2205007304083,0.0487101864888837
12,11,7.94808529505905,0.5961303616369122,-1455.1115087165438,0.04937376589981728
12,12,7.916242041918765,0.5971740620397481,-1331.6562067339248,0.04821691099763362
12,13,7.883497169357391,0.6010162023611901,-1297.7610447959273,0.045645999841136715
12,14,7.87854651904944,0.6111702244794298,-1217.6561334561095,0.0415767045192262
12,15,7.904673379204014,0.6195643346948045,-1204.4726989344679,0.037963248487627284
12,16,7.977679910249376,0.6289319918522952,-1112.054006928227,0.03496733698241175
12,17,8.070296846848521,0.6337933039375026,-1083.3755362074485,0.0331051335681355
12,18,8.182028263553313,0.636512605137878,-1048.1183355890576,0.031995297847816934
12,19,8.302812039965426,0.6373732629672335,-1009.2931128314858,0.03142180134806418
12,20,8.423520499510976,0.6392831701204162,-893.1457874341507,0.031033782179907498
13,2,6.87184501671459e-08,0.5213318677558001,-38701.58513296582,1.064645580344743e-09
13,3,1.3968998473659238,0.5508822486721621,-6476.031145581462,0.01626383527687124
13,4,7.947091713096911,0.6556670901777187,-3178.2565683813755,0.0637605087345238
13,5,8.977997108143471,0.693679352135055,-2658.2103907276523,0.050937450876561076
13,6,8.933828752685795,0.6795162043333315,-2269.863123329255,0.053390363174732045
13,7,8.676740108622989,0.6604410255626343,-1983.269697144801,0.05265787461997693
13,8,8.403986640789842,0.6415246137832642,-1720.009003729223,0.04790277069232665
13,9,8.248628343998734,0.6243083881204838,-1510.6403177595832,0.047091003770043105
13,10,8.181668759775356,0.6133161938597234,-1321.573538608879,0.04805203224290456
13,11,8.139137046181865,0.6063079017151436,-1222.1838532394681,0.048651399918833674
13,12,8.10600111669176,0.6073444222346298,-1097.2543268465222,0.047466959395354065
13,13,8.071566061033696,0.6109892889121153,-1061.5071207661863,0.044931720035944665
13,14,8.063784333428483,0.6206725330424029,-979.2135293442778,0.04095992972883447
13,15,8.086326643705192,0.628474189892192,-963.6617969298464,0.03744189092937251
13,16,8.154898232409286,0.637205189402442,-869.0709893202546,0.03451706754946834
13,17,8.242721013117684,0.6414797132794772,-838.3481942167609,0.032689963071521576
13,18,8.349408938658453,0.6436955561151572,-801.333898281398,0.03159219605498411
13,19,8.465120502879081,0.6441526485927034,-761.0357450577932,0.03102174208321539
13,20,8.58127558360666,0.6458086481280199,-643.8585508860921,0.030640011030406308
14,2,7.206836539807464e-08,0.5397353313849298,-38423.65334921158,1.0124486907539773e-09
14,3,1.461951032568483,0.5674693516843907,-6189.57587447531,0.015331119756246563
14,4,8.263092026767556,0.6688424550775997,-2889.2002879443253,0.05998707822325199
14,5,9.284200540611964,0.704213410523916,-2363.2621927179566,0.0489838363918744
14,6,9.226333368419144,0.6905179650484048,-1971.0564015750851,0.05143945880039442
14,7,8.968207078032469,0.6725958869936801,-1680.442377254532,0.05068562842868762
14,8,8.699563595755642,0.6548133860318683,-1413.1350125184297,0.04653956926374637
14,9,8.546547342091909,0.638491422210683,-1200.8758697852481,0.045992963417515575
14,10,8.479798494300551,0.6280569634798254,-1009.6315904176137,0.04690947663773606
14,11,8.436676476405683,0.6213477090926388,-908.0030298509822,0.04741470364017903
14,12,8.401749389713936,0.6222777271579072,-780.3546136198181,0.04620142188079284
14,13,8.364805492250522,0.625490594244519,-741.1507034164077,0.04373355126163643
14,14,8.352585290274202,0.6342932707854592,-654.7346874295042,0.039919168752436465
14,15,8.36944627244099,0.6410337176032935,-634.7598179934181,0.03655226003714117
14,16,8.430928596592691,0.6486605096603884,-536.134197153006,0.03374152424734751
14,17,8.511127200946694,0.6519313155659973,-501.6698618935765,0.03197802515770454
14,18,8.609831843168323,0.653296779539212,-461.4832032703341,0.03091355749169985
14,19,8.717573855360397,0.6530784240745579,-418.56743720097234,0.030366176298235292
14,20,8.826643211179547,0.6543173020729391,-299.603664385,0.03001379430579153
15,2,7.438575591753073e-08,0.5525772664571575,-38267.057213803186,9.772823228446846e-10
15,3,1.5074228970567765,0.5793358683486294,-6028.2596404400765,0.014710585456291123
15,4,8.483040582392661,0.678384366053917,-2726.865098103139,0.05753367683680253
15,5,9.49792782309427,0.7120666445823067,-2197.5216820121227,0.04766899193834901
15,6,9.43192194716503,0.6987393983763817,-1803.0018970096394,0.050080014526362106
15,7,9.17400369788753,0.6816114918741114,-1509.993176065551,0.049320466680398266
15,8,8.908788133385114,0.6645955998519641,-1240.2708566539668,0.04555570785911055
15,9,8.75797024005428,0.6488686591298102,-1026.2702232968593,0.04516623243503903
15,10,8.691954158312269,0.6387947687507535,-833.7225369416034,0.04605249177316294
15,11,8.648975394089817,0.632262410670186,-730.7414898444619,0.046504153438359376
15,12,8.61322753732942,0.6330872485945828,-601.4549202019517,0.04528558480989934
15,13,8.574851115166762,0.6359694305724328,-560.1293092877042,0.04287749289099146
15,14,8.559726616982333,0.6441465246467781,-471.1856740429132,0.039179435927691096
15,15,8.57282007488254,0.6501492877710158,-448.4664093713722,0.03592311309570651
15,16,8.629573925178779,0.657026975456855,-347.3636709429459,0.033196192324885174
15,17,8.704774851064506,0.6596221537848919,-310.5919167646528,0.031484713441907286
15,18,8.79833336693802,0.6604233421158037,-268.4755753578802,0.03045218658540308
15,19,8.901046318491291,0.6597647693367075,-224.0057413827212,0.02992874599112489
15,20,9.005771121505429,0.6607458072589556,-104.07257858630818,0.029599872484564173
16,2,7.818134214908333e-08,0.5730327704246025,-38041.4170846193,9.195940207304916e-10
16,3,1.5825838151168523,0.5984513046489555,-5795.402731763411,0.013689381598295625
16,4,8.843256986410369,0.6932255252192147,-2490.968394627787,0.05358415441201294
16,5,9.846662465304531,0.7240405309342448,-1955.14190610305,0.045500285212436126
16,6,9.76843039442603,0.7113029097819689,-1556.7945793065505,0.04779186247385228
16,7,9.512011462744772,0.6954194239398579,-1259.8131300719442,0.04700402437231736
16,8,9.253304776707344,0.6796102651489434,-986.0674898808077,0.04377102753914689
16,9,9.106754581273373,0.6648365991252072,-769.108052519474,0.043575307429838755
16,10,9.042445455711281,0.6553328193601142,-574.2062797140574,0.04439743187605626
16,11,9.000169625320801,0.6490582716426795,-468.6625875580492,0.04476716899698036
16,12,8.963522866365807,0.649651187651104,-336.1520189450782,0.04355554968746857
16,13,8.923273588561575,0.651915541121677,-290.64362272121394,0.04126150168046328
16,14,8.903821465275005,0.6589771567522869,-196.70083414574125,0.03776903388296921
16,15,8.911162908381028,0.6636948730513561,-168.62272282565056,0.034710138291052704
16,16,8.96048217306753,0.6692876494259995,-62.71018559406991,0.032140161435244154
16,17,9.027837341707231,0.6707399362236997,-21.525789782174318,0.03053885797049913
16,18,9.113302281920355,0.6705972166117391,24.24598550669881,0.0295865003107018
16,19,9.208133158710625,0.6692101297293448,71.63762959939001,0.029129771838015926
16,20,9.306071451969173,0.6697728925257742,193.39551146171772,0.028862218347702927
17,2,8.056737543782345e-08,0.5857564995924229,-37926.6411110077,8.852133183350652e-10
17,3,1.6303242570318035,0.6106104775640993,-5677.575480061245,0.013085377980305683
17,4,9.072196567919864,0.7028221852695794,-2372.0442242013837,0.051270710960254325
17,5,10.069845912201183,0.7319967246307546,-1832.8399592746925,0.04413869782885487
17,6,9.985712803417785,0.7196467842379979,-1432.5087804824973,0.046318900808614935
17,7,9.731500402135955,0.7044945717048999,-1133.473643787272,0.04552009864210235
17,8,9.477751368505642,0.6893671124340792,-857.6152904399389,0.042581881388388546
17,9,9.33475905444848,0.6751153929503342,-639.0840316714127,0.04248920382801647
17,10,9.272454548097993,0.6659080981689727,-442.96908702746197,0.04327626475260307
17,11,9.231564925303193,0.659740503758304,-336.1016721572953,0.043608194026323856
17,12,9.195205177478625,0.6601480034484833,-201.94310241746243,0.042416105328084236
17,13,9.154565388527166,0.6619925131848461,-154.2311840842579,0.04020819736105062
17,14,9.133064698300968,0.6683493857427878,-57.6497485688092,0.036855509899327066
17,15,9.13749430919271,0.6722669641177188,-26.680702806170974,0.03393222884787104
17,16,9.18281282952108,0.6770755015042985,81.8021094584412,0.03147145471460811
17,17,9.246016052116744,0.6778269020753436,125.37148192467589,0.02995211927020049
17,18,9.327230467413388,0.6771056968150622,173.09234104901753,0.029060960796942967
17,19,9.417996401039142,0.6752709976478528,221.99791001627807,0.02865288516026131
17,20,9.512500842565732,0.6755797499333729,344.5799570411111,0.028421791869921637
18,2,8.291174443336022e-08,0.5978117492518616,-37826.78605418127,8.523735105371324e-10
18,3,1.67752727339392,0.6222017082416522,-5575.340543686348,0.012506511619152616
18,4,9.298214506720875,0.711874943719464,-2268.5681985912092,0.0490664582690003
18,5,10.29067238638023,0.7394701638953223,-1725.9768517428563,0.04278681709608875
18,6,10.20163155875319,0.7274647493413082,-1323.8156125070639,0.04484125411367135
18,7,9.950326674745732,0.7129527967600471,-1022.8938784800191,0.044026334297653714
18,8,9.702021133634911,0.6984066055526772,-745.0689644978852,0.041342312796738376
18,9,9.563058930042972,0.684591003967959,-525.0509478225936,0.04133135516045271
18,10,9.503270079340728,0.6756172419387794,-327.78511873843314,0.04208226653409066
18,11,9.464332930388844,0.6695069646526731,-219.6532446800696,0.04238169857878405
18,12,9.42889419151401,0.6696989761470025,-83.9224949993247,0.041215914773674873
18,13,9.388573528227136,0.6711059386217211,-34.09011046029133,0.039100387937208284
18,14,9.36577372815298,0.6767628084077184,65.03069196826962,0.035893181484836625
18,15,9.368082130309975,0.6798943975015457,98.7909055619049,0.033113299915037975
18,16,9.410119745530599,0.6839394570242804,209.7443963908937,0.03077101176241322
18,17,9.469911655674167,0.6840055594117174,255.60427648884456,0.029344660558295675
18,18,9.54757686762379,0.6827148272392422,305.1847015848822,0.028524909441756164
18,19,9.634935007460278,0.6804327728953163,355.5196443266259,0.028173236984833698
18,20,9.726505069437227,0.6804775860150476,478.8466918821666,0.027981447182009147
19,2,8.518964363578527e-08,0.6089087346353841,-37740.13615663769,8.212597248097865e-10
19,3,1.7236132081790656,0.632874528715153,-5486.8648509678105,0.011953898739323465
19,4,9.518378018541636,0.7200706222470876,-2178.533919729957,0.046971033860778694
19,5,10.505947347990052,0.7461441843313656,-1632.426339911848,0.04145475549436846
19,6,10.412702483566742,0.7343991927550539,-1228.5135878142926,0.04337457998215197
19,7,10.164756090309028,0.7203951865001472,-925.8114994544468,0.04253431151564514
19,8,9.922210730911353,0.7062939229503976,-646.1194506377196,0.04006172109609502
19,9,9.787621827115634,0.6927999453941958,-424.6642624105185,0.04010981690125055
19,10,9.73077182058204,0.6839766640507711,-226.27303224326604,0.040821772135984744
19,11,9.694316984166285,0.6778608553463407,-116.90349290024159,0.04109174651520485
19,12,9.660502657641818,0.6778033379689133,20.35995615017109,0.039956796809497666
19,13,9.62135700007915,0.6787579018822858,72.25131453556122,0.03793785055147638
19,14,9.598235389022625,0.6837297133879059,173.82597354547448,0.034881339513294536
19,15,9.599443951392065,0.6861028375691209,210.26218778018227,0.03225298432159307
19,16,9.639133222452935,0.6894185637162185,323.5653314238555,0.030039863334441346
19,17,9.696432840991466,0.6888270789540691,371.5815648617703,0.02871859979932589
19,18,9.771390728988422,0.6869845646035908,422.89388235784315,0.027981453345977222
19,19,9.85610059541394,0.6842598260386099,474.54374150177335,0.027694838003348734
19,20,9.945276690524787,0.6840271059403491,598.5378687139362,0.027546622916543785
20,2,8.924447545849061e-08,0.6272263583300586,-37591.27221229479,7.642427449827565e-10
20,3,1.806067236513477,0.6506418853898893,-5334.602855399058,0.010927681568469193
20,4,9.906582721449483,0.7330061107787136,-2021.1982369586087,0.04309451649789405
20,5,10.881630160582718,0.756243671369158,-1467.1345137344356,0.03888698457705163
20,6,10.780417574925798,0.7449253586279643,-1059.5067624834974,0.04053117860460588
20,7,10.538947134459088,0.7318061559557791,-752.9792538808719,0.039590528683318756
20,8,10.307240893262549,0.718529494736468,-469.36391683747695,0.03739213216540797
20,9,10.18041833774495,0.705683524111926,-244.88455968275815,0.0374747487509477
20,10,10.128362484440206,0.6971908515300029,-43.88565690424207,0.03809045481035806
20,11,10.095888949520969,0.6911173866541753,68.48040346324771,0.038300789418755386
20,12,10.064915715596578,0.6906406228235531,209.6043207102727,0.037232737898000585
20,13,10.028183527941406,0.6908183525658569,266.4859125593837,0.03540784347676252
20,14,10.005200816042063,0.6945918615478028,373.9139724312891,0.03266100155171234
20,15,10.005163435690886,0.6956713228795639,416.42767353295187,0.030353626269169837
20,16,10.041344616342842,0.6977674729585913,534.9432353459681,0.028433524086775453
20,17,10.094772962518515,0.6961250683418914,587.5408291365115,0.02736335413529768
20,18,10.165420350092818,0.6934420896206515,642.4461615148773,0.026835901823166544
20,19,10.245914009826972,0.6900861139452019,696.7872607924081,0.02672184543872418
20,20,10.331345324885131,0.6895142535320173,822.1915080495102,0.02669943649995791
